review_id,user,rating,date,text,thumbs_up
9545b388-0a2f-4f5e-a001-f50f392b7b11,Joel Ibanga,5,07/08/2026 14:38,very fast,0
7e5e2547-f5df-4cf5-be4f-7c4ba7995810,joy olayinka,4,07/08/2026 12:52,satisfactory,0
5a8e3559-772a-41f0-b172-1e7743579b52,Emmanuel Otukol,5,07/08/2026 11:28,Cool,0
b34e020e-d85b-4b97-921e-4efe5c30ea2b,Tudor Radutu,1,07/08/2026 10:55,"worst service ever, overpriced delivery fees, non-native speaking drivers, rude, threatening and stole.my products. do not recommend.",0
63b022d9-b5d2-4222-b060-cf53beb95d85,Colines Okelo,5,07/08/2026 10:29,cool,0
986cbc61-63d5-43d2-a114-b0f5895768db,Mo Mo,2,07/08/2026 08:41,three times in a week restaurant / delivery driver didn't deliver and marked as delivered. must be nice eating your clients food,0
b959a6ce-b32c-4cfd-a640-c6816b23e086,Kirito Sousa,1,07/08/2026 02:41,não chega à minha localização,0
010fb979-d6b4-42cc-8903-3f0d05daabe1,Reda Kass,5,06/08/2026 22:06,👍k,0
02654d4d-70e2-41c3-aa25-49d1d41c2a9a,Godknows John,5,06/08/2026 21:15,awesome,0
5cc7bf44-daca-400e-aa32-7458909bf313,oke mayowa,5,06/08/2026 19:41,Good,0
ffc059e8-22ac-4e46-bb40-176973f99216,semilore ojo,2,06/08/2026 19:19,The order was incorrect,0
28f941f3-48f0-42aa-8865-aebff422ea4b,Victoria Waweru,5,06/08/2026 17:43,"Great for a lazy day, the order can be brought to your door 😅😂 and timing is exactly as stated",0
5f3d7639-768e-47fe-a309-4316aa2f1a8f,Quadry Yetunde,4,06/08/2026 16:02,fast,0
6911055e-0ae6-40b3-b03a-50ae4193693a,Jamiu Safia,5,06/08/2026 15:22,excellent,0
5f2c5ef9-2f4e-40c3-b771-2848450e5852,Chukwuemeka Onyedika,5,06/08/2026 15:02,"⭐⭐⭐⭐⭐ Amazing experience! My food arrived on time, well packaged, fresh, and delicious. The delivery was smooth, and everything was exactly as I ordered. I'll definitely be ordering from Glovo again. Highly recommended! 😊🍽️",0
08f9ac90-12f4-4b66-b1a9-916b6bade106,Ezema Lovelyn,5,06/08/2026 14:46,This was my first time and I love how they delivered promptly and I hope they continue that way.,0
8f5b78ba-7a89-4ee1-a4a9-660fffd6273d,Firdausi Ak,5,06/08/2026 14:35,excellent service. my order arrived right on time.,0
53b4f040-73f9-4439-9808-acda5e908975,Valentina,1,06/08/2026 14:07,"I ordered at 10:50,at 11:20 they said that my order will come at 12:20 - 12:40 and at 15:46 they canceled my order after i told them that it didnt come,they said that they are going to find a solution,but the solition was to calcel my order without telling me ,this app is horible ,i wish i could give -10 🌟.",0
37660168-0006-4de1-a6c8-60546c37ea2c,Nakimuli Stacy,2,06/08/2026 13:14,food was cold,0
d10a04a3-13d5-4ae2-bb74-8cf2e9d0332d,Ogunranti Abiodun,3,06/08/2026 12:31,"I think it's fine with the delivery but for the price of food and delivery fee, please just try and see to that bcus of some references who does have up to the price and they also wish to order ur meal in the place.",0
36bf5c03-10de-49e0-939f-b460a23d9330,Agbabiaka Sofiat,5,06/08/2026 11:55,very nice and affordable,0
633f3e22-8753-4454-8661-7e8370f9dbc3,Tawakalitu Azeez,5,06/08/2026 11:26,fastest delivery service,0
a6de53f2-7af8-45b9-b6d7-ae1a0c9bec65,Melinoé “No Mercy” Greenwood,1,06/08/2026 07:25,"This company just doesn't care. Regardless of what you order, if you are sent the wrong thing they just say tuff. I'm glad I didnt add my credit details as they can't be trusted to do the best for customers.",0
ab11565a-6f65-4bd7-a867-1fed51920eaf,창미,1,05/08/2026 22:12,"the app is becoming more and more expensive, the support team is so negligent. I had 3 messed up orders reported them and there was no compensation, they take awfully a long time to get back to you and they keep stalling to then simply apologize and wish u the best. glovo was better before but now the service has became so disappointing.",0
bfcc1288-617a-41a2-94bc-10d4544d121f,Vera Lino,2,05/08/2026 22:07,Delivery took 3h,0
1bd954ef-5b4f-404a-9a57-7a6d3a432dee,Ch Umair,5,05/08/2026 21:40,the service is very good,0
e074b6fb-df40-4055-a8e4-9acf3fc91ebe,Imran Hundekari,5,05/08/2026 21:02,Service is awesome 👍 with time punctuality,0
54eee7bb-5669-40b6-aff2-c452e2895ada,Farida Muhammad,5,05/08/2026 20:08,fastest order ever,0
5f76a96b-7373-4cd1-b998-053372edf7a5,Oredola chrisjohn olajide,5,05/08/2026 20:04,Is very nice and fast,0
d6cf85db-d016-452c-a368-fc64a4f8dddc,olueburu michael,4,05/08/2026 20:03,good and fast,0
eca7f945-93f5-4b91-86f6-3c7b164a0d16,Teresia Ndima,5,05/08/2026 17:47,Theeeeeee 👌 best,0
b11fcdd0-52ce-4199-b649-c5368a238b02,A S,5,05/08/2026 17:23,Very prompt delivery service and food is very delicious 😋,0
9b4f9def-b90d-4557-9027-2149cf378eb9,Peter Faruna,1,05/08/2026 16:49,"terrible, just terrible, for the very first time, I tried using you guys, only for the vendor to cancel the order and you guys are saying I have to wait 48hours to get my refund? or wait 14 days according to my bank? lol, these clowns! no wonder people pick other delivery apps before you guys, this is just terrible, that was literally the only money I could spare for food!!",0
6c899d4c-5082-45fb-9a1f-9987537a6002,Igor Cryptor,1,05/08/2026 16:12,Unable to login with email and password on a new device. Getting something-went-wrong message,0
17a7e8db-e2a0-4a80-9ef7-eba583bb02df,Olaide Alao,5,05/08/2026 15:37,it was nice,0
c86b6a45-f59f-4bf6-b22f-46636bd70d56,Abimael Koffi,5,05/08/2026 15:28,i love this app !!!,0
427d0069-27ad-4437-8949-a9a889655056,Marvellous Ndinojuo,5,05/08/2026 15:01,verry fast and reliable ✌️,0
f577d23e-5cd7-4270-ace5-74e8437880c9,Chris Godiano Nuwagaba,5,05/08/2026 14:36,The rider was so quick in delivering the food.,0
23debab9-196a-4d65-a115-0d0f31e9b1e2,Jowana Jojo,5,05/08/2026 14:18,excellent,0
763db022-d533-4737-940f-91983ee9a224,Tudor Popa,3,05/08/2026 13:39,ii mai dau o incercare,0
81f48585-7247-49dd-b6ba-64aa5e328697,Raymond Ashaba,5,05/08/2026 12:39,very good,0
9ab8917d-75e8-4746-b363-74a246ea600a,Layth Ahmed,1,05/08/2026 12:08,"VERY VERY IMPORTANT REVIEW BEFORE USING THIS APP!! Highly Not Recommend App!! After spending over €1,500 on this app, I can say it's the worst delivery service I've used. I've lost over €200 due to delivery issues. Customer support is unhelpful, robotic, and unable to solve problems. Orders are often wrong, cancellations are impossible even when requested immediately, and loyal customers aren't valued I have tried a lot to return my right and never secuss duo to they do not care!!",0
adb262c9-b5e3-4bb2-9f6f-97d9fdb69a69,Idris Hassan,5,05/08/2026 12:07,good app for deliver6,0
c71fd326-4aee-479b-b43e-a57c57055ace,Florin Daniel Grăițaru (Zmyx),1,05/08/2026 09:45,"2022: Foloseam Foodpanda, pentru faptul că aveam mai multe opțiuni de configurare comanda, puteam lăsa mesaj curierilor, experiență era mai simplificata. Daca tot mi se baga pe gat glovo, mă aștept la niste îmbunătățiri. Overall au devenit și japcari, 1 leu aici 2 lei acolo și ce e mai trist e că banii ăștia nu se duc către curieri direct. 2026: In comparație cu alte platforme glovo rămân la ideea de a taxa clientul din orice direcție. Majoritatea preparatelor au un adaos de 5-10 lei.",1
ed3a7971-1f1f-42fd-bb54-6bcd215a7eaa,Дмитро Авраменко,1,05/08/2026 09:34,"доставка и заказ привезли вовремя , притензий нет , но заказ был сделан на 358грн а сняли 400 , по этому только две звезды , на 05.08.2026 ситуация повторилась теперь одну звезду ставлю",0
ed80b524-995c-4dde-9cf1-34c997a3b665,Razvan Vlad,1,05/08/2026 08:38,M-am bucurat de aceasta app pana nu ati mai avut plata bani gheata,0
d5fea9df-5481-47d2-8b09-d87292ede23d,Shy Sienna,1,05/08/2026 00:19,no so good bruh,0
6efa7c8c-47fe-4e21-bb47-4f606007323a,Joram Ohuya,5,04/08/2026 21:37,convenient and time saving,0
6016dc3f-5a9b-402a-bfe2-b5c95e92080e,Nandutu Brenda,5,04/08/2026 20:47,orders always arrive on time,0
1b675c34-d2b8-4278-be46-17fc5cb5e50f,Бойка Къдрева,5,04/08/2026 20:43,Страхотно суши и безупречна доставка.,0
260c174d-3c7d-405e-9bc3-80c58d5c4570,Peace,5,04/08/2026 20:25,"my first impression was horrible, I ordered food and my order got cancelled. The app claimed to have given me a refund I didn't get a refund!",0
ead5b3b3-d858-4322-9b15-5c69b88ba611,Priscilla Natukunda,4,04/08/2026 20:05,sometimes there are jams when it's time to check out order and pay,0
d223e290-5249-44bd-b0c8-c8af886a65dd,Helen Okameme,5,04/08/2026 19:29,very nice,0
225866eb-eda3-46f9-a672-450199a49f78,Ok Ok,1,04/08/2026 18:46,"fake discounts, saying its 28 euro but in reality i have to pay 35€",0
268b44ec-a590-4753-a5dc-b198b0168531,Mohammad Ofkeli,1,04/08/2026 17:50,Bad glovo app it doesn't send food all the way to had soualem. I do not recommend.,0
5882c744-1fd1-42c8-9a50-4800a96ed802,Abdullahi Mustapha,5,04/08/2026 17:01,speedy and reliable,0
c94d6a17-ed36-41bc-a3c2-cbd075069a94,Ivana D,2,04/08/2026 16:48,"after the last two updates i am no longer getting notifications from the app for my orders. it's very annoying having to check the app every 2 mins because i don't know if my order is on the way or not, especially when I'm ordering lunch at work and need to get out of my office to pick it up. i even tried to reset all notifications to make sure they are on, but nothing worked.",0
10a8e338-1789-470c-b6b2-13d933c41f7f,Hosana Chepkoech,5,04/08/2026 16:39,Great 👍,0
600f2f09-19d6-4ee7-a486-b3cea3b74439,Huzaifa Mukadam,5,04/08/2026 14:32,easy to use and you guys have an excellent performance on attending customers,0
7d7eb536-fbd2-44fc-bacb-e8bbef3a9d21,Miguel Bernardo,3,04/08/2026 14:07,"I didn't understand the ""services"" tax, so I tapped the FAQs link, which directed me to a non-existent page saying the content didn't exist.",1
154f30e5-b478-4785-966f-3c4dc1a0e247,Mutabingwa Irine,5,04/08/2026 13:14,Very good for deliveries,0
580061a6-e1a3-4824-a2d8-9877b52abad9,OLAMIDE SALAMI,5,04/08/2026 12:33,very good,0
1d8cbedc-b646-42b9-840a-9c6f70bd35d2,Lucrezia,2,04/08/2026 12:07,"è da praticamente un anno che ogni ordine che ho fatto, sia dal mio account che da quello di altri, è arrivato con articoli mancanti e/o sbagliati.",0
93746b11-4ff3-4ed4-824a-967c829cfd89,sam orket,1,04/08/2026 10:22,very poor refund processing,0
92c12226-b21e-4750-b49d-007959ac630f,shedy shedy,5,04/08/2026 06:19,good,0
c7b87195-4a60-49ae-a6c1-02efd437b93a,Razack Ayomide,5,04/08/2026 06:10,perfect delivery and perfect packaging,0
5a19d2b4-c59c-40c0-821b-e8c0cd56d0dc,Naima Mzerioui,5,04/08/2026 02:16,Merci beaucoup,0
326bc576-9bed-4eb0-9823-3c2760a476d4,Lasha Kutalia,1,03/08/2026 23:27,"უყურადღებო და უპასუხისმგებლო კომპანიაან, ყველანაირად თავს არიდებენ პირდაპირ კომუნიკაციას და ხარვეზები აქვთ უთვალავი",0
5d67d972-b7c7-46cb-9664-ff3cdbf14120,Charlie Armstrong,1,03/08/2026 22:07,"Ordered from kfc in Zadar at 8pm, it was delayed from 9pm delivery time to 11pm then cancelled out of nowhere. Everywhere else is now closed and we have no way of getting food.",0
438e9934-bcb4-4270-a214-1a0646c16776,desaac co,5,03/08/2026 21:25,good and prompt service.,0
e6f7a940-3ffc-43b6-bbfb-19d8662cba2b,Ilyas Ahmed,5,03/08/2026 19:51,"​I am writing to share feedback for one of your support agents, Beryl, who recently assisted me regarding an issue with a missing item from my order. ​I accidentally closed the chat before I had the chance to leave a rating in the app, but I wanted to ensure her exceptional service was recognized. Beryl was remarkably kind, patient, and understanding throughout our interaction.",1
c99f9c27-1525-4db6-aea5-24c6a55d2b2b,Vasanthi Pillai,5,03/08/2026 18:18,Good delivery service,0
4a9ef88e-ff83-4ae1-bc8a-57c02f8b9434,Mohamed jad Selmane,5,03/08/2026 18:09,perfect app for food,0
431a7f85-1847-4b28-9a5d-d9d8db59fba6,Lawal Fiyifoluwaenoch,4,03/08/2026 17:57,"the app is really lovely but the only issue I had was with the location I feel they you allow customers add the location the way they want it to avoid confusion, but asides that the whole service was lovely",0
287891ce-77ee-473f-90fd-c754c6dfc3ce,Doctor Al,3,03/08/2026 17:45,"ordered once didnt get my food after more than 1 hour 30 past expected delivery time, couldnt contact costumer service at all, absolute zero help, delivery store phone was disconnected (immediately sent to voice mail). It was incredible hard to get to CS but after finally clicking any possible button managed to get a person to issue a refund, so ill up this to 3 stars for how fast the CS reponse time was. not gonna order anytime soon but its something",1
d6f744c3-eab9-4bab-a82d-6737e3c1eea7,Joshua Gabriel,5,03/08/2026 16:04,the best 💯💯,0
f226f606-0612-47ca-84eb-f9b34389fa40,Frank Julian ZOKPO,4,03/08/2026 14:39,keep it up,0
053cf81c-897d-4fab-81f2-c2a9084f3d6a,Twake Joshua,5,03/08/2026 14:25,Every one should use Glovo to enjoy first deliveries and the best services,0
d13c7b7a-0372-41fe-9c83-5cbe9329dfcc,DIZZY BROWN,5,03/08/2026 13:27,it's amazing 😍,0
7c225d3d-01d5-4c9c-a346-989d46406223,Ayinde Micheal,5,03/08/2026 12:30,Nice,0
32c55211-18d8-4e8b-8a36-a1639076461f,Kedius Kezza,5,03/08/2026 08:12,Good,0
275e6632-f539-4a0e-931f-6ddbc6b2f785,Lam Billz,5,02/08/2026 22:26,Everything dope,0
4f9c012d-9b4a-41df-885a-0ad5973b62c2,Sunny Poland,5,02/08/2026 21:12,good,0
22c55b54-9e45-4d98-adfd-7223c9b43617,maya mosheshe,5,02/08/2026 20:41,I always get a smooth delivery,1
f9421d9a-1724-4819-a243-09e7dceca1c3,Akeem Waheed,5,02/08/2026 19:26,Excellent 👍👌,0
d6bce3e4-3bfb-4e82-85ed-d80886a77243,Michael Apeloye,5,02/08/2026 18:44,Glovo is fast and easy...........,0
0d636290-1d73-4ba1-afba-720b486cbdbb,Eduard Evernight,1,02/08/2026 18:29,Worse than an obsessed ex girlfriend: if you don't use it frequently it will start to spam notifications every single day. Restaurants are allowed to use AI generated pictures for their food. Total scam,0
53f87bed-92cb-49d6-8a2c-f55c8263edbb,Simon Nganga,5,02/08/2026 17:16,thanks alote to glovo for you're services,0
bfcd31fc-de67-48a7-8d42-34d2890873d3,Blessed David,4,02/08/2026 16:41,good delivery,0
6ffc5018-7b2d-4118-a536-da1c07749c94,george njuki,4,02/08/2026 16:34,very fast and convenient,0
655c13ce-d7d2-4f09-aa46-942687085628,Abdulazeez Bello,5,02/08/2026 15:44,nice 👍,1
54c609dc-a71e-4018-970f-77b5103d21d4,Maimurna Nyampa Barau,5,02/08/2026 15:22,great order and delivery,0
14c0e27b-c539-410b-889a-318518b73484,Mario Nicolas,5,02/08/2026 15:06,Excellent a fost glovo . A fost nepalez a venit foarte repede .Nu Mia vb urat a adus toate produsele.Ultima data cànd a facut comanda nu Mia adus toate produsele si livratorul sa comportat foarte uràt.Dar acuma a fost super,0
659893e1-1fb7-4a50-a6a4-fe91cb763aa9,Oyelowo Cecilia,5,02/08/2026 13:31,okay 👌,0
8e387ccd-2ccc-4ab9-9333-62a10065299e,Agatha Bassey,5,02/08/2026 13:23,I love glovo,0
a64778d5-4d24-48ab-ac4a-d27a49e439c1,Cosmina Codreanu,5,02/08/2026 12:19,"Transmiteti celor de la Penny sa aranjeze mai atent in pungi produsele cumparate. Rosiile au venit intre cutiile de suf (din 4 doar 1 se poate manca, restul erau lovite si moi), iar Begonia jumatate din frunze rupte! Multumesc!",0
516526be-06fe-4311-bb5d-44d709881b16,Hannah Waithira,5,02/08/2026 09:17,order today,0
05b594a6-2f55-44b7-81b9-043235bfda71,jad2023,5,02/08/2026 00:41,belle application,0
54f1cf22-ea0d-48aa-aa93-280cc4d08a32,Milos Spasik,5,01/08/2026 22:08,BEST DELIVERY APP FOR SURE,0
e9d6e655-6034-40f5-a494-3d834eb86bde,borno's latter,1,01/08/2026 20:59,"very bed system. I ordered my food from glove charge from me 2 times, I was complained but they don't care.",0
2ac5d627-a0cf-4243-b1eb-286f8f2cef79,Cherubimand Seraphimparamonttv,5,01/08/2026 20:41,i really enjoy your service,0
a6ef8c00-8931-4a13-b3c0-b30d9d7cffe4,Youssef Rakhi,3,01/08/2026 20:28,price isnso over-rated,0
22087c7d-ac91-4a11-96e5-0aec70bfe6e3,Aymane Elaidaoui,1,01/08/2026 19:14,very bad,0
4699ef02-d712-4997-af0a-ad7f8c2b7e89,Adesewa Ayomide,5,01/08/2026 19:04,the food is nice and very affordable,0
df9cec6f-ccd2-40ab-9956-a81d81ff0476,Grace Eze,3,01/08/2026 18:43,Top notch,0
2ab30b55-4446-4cb3-9e56-8c0303c76612,Olayinka Ayoola temitope omoola,5,01/08/2026 18:36,good,0
b9d011ff-4927-4b51-91a8-9e5ed60046e1,Chief. Eze,5,01/08/2026 16:17,Excellent,0
20706798-eb7e-4da2-94a3-307976386030,Chinonso Nwosu,1,01/08/2026 16:09,"I placed an order and already the paid the money into the account but for some reason the order failed and I couldn't get what I ordered. Mind you, the money left my account and went into theirs. Fix your app and give me my refund!!!",0
2fe16b25-c1af-4b06-bf37-4deb3151535c,Lois,5,01/08/2026 14:46,Sehr gut.....die essen ist sehr groß,0
862267d1-89cb-4de4-b055-5e3e287b8be2,Haylie Nassali,1,01/08/2026 14:24,Customer service is so poor that it gets frustrating. They extend wait times so no compensation,3
54541b66-8f6b-4eab-9fa5-2619879f23dc,Timothy Muheesi,5,01/08/2026 13:41,Quick delivery. I'm impressed,0
0fe4bb1d-7c17-4256-aabe-cad5e94599d6,Nderu Francis,4,01/08/2026 12:44,fast delivery,0
277edeec-c0c2-4143-9e5f-46299965bad6,Owolabi Betty Joy,5,01/08/2026 12:25,cool 😎,0
2b85464d-3567-46d4-b6d2-ac3897644952,Spare Account,1,01/08/2026 11:01,Absolutely dreadful! Always unable to honour orders! Hour plus after expected delivery and absolutely no progress - multiple orders! That's on top of waiting for lazy Spanish swines to actually open. Worst of all is the completely useless support in this App!!!,0
816bf8df-4ea8-42e2-9323-f78ea6ec1a93,Rose V.,5,31/07/2026 23:22,Excellent 90%,0
e205532c-58c7-468f-96c6-28c7f3b06596,Aditya Shergill,1,31/07/2026 22:15,Worst experience very bad management,0
449f4b53-1566-4050-96f6-7893f7d1252e,Sheikhsharif Makarama,5,31/07/2026 21:59,Chakula nzuri but Chips kidogo Sana aki,1
67061827-2d6e-41e6-885e-787f1dd26ce8,Mia Bunjac,1,31/07/2026 21:53,"Cancelling the subscription and deinstaling app as couriers are getting worse and worse, slow in every way, do not understand navigation, orders arriving cold and after hour of wait for place 15 minutes walk from me. Saving money on people's paychecks makes only the most skilless and desperate take this job. Keep saving that way and lose all the customers till bankruptcy. This seems like just destiny to me.",0
2f5cd16e-88ff-44e3-ad40-5b372802c5eb,White Sake,2,31/07/2026 19:02,"Już po raz kolejny się zawiodłam. Złożyłam zamówienie, ono zostało albo przeniesione na inny czas (w niektórych momentach czas był przesunięty aż do momentu zamknięcia sklepu i wtedy zamówienie zostało anulowane, i to tylko dlatego, że domagałam się odpowiedzi) albo dostałam marną rekompensatę w formie 7-9zł za zamówienia na ponad 100zł. Gdy próbuję to zgłosić, oczywiście dostaję odpowiedzi botów, które obiecują pomoc czy priorytet (za który i tak już dopłacam) a i tak kończy się to tak samo.",0
ef85660f-aeb9-4b58-82a7-9cbe50809a86,Nevena Vujisic,1,31/07/2026 16:44,Ne dostavljaju u sremcici,0
04d3dd12-3d4e-451a-a34a-b1d3b626c438,Casperin Kirimi,5,31/07/2026 15:39,timely delivery,0
50cfa2ac-7972-406b-b536-b7c2c11dec79,Jescah Ayuma,5,31/07/2026 14:26,The BEST💯💯,0
1663bf04-0a08-4971-a830-3e05fd6c2e45,Chukwuka Obiosa,1,31/07/2026 13:58,"Not top notch, delivery takes much more than estimated, and no support/contact info in form of email or phone number, drivers charging extra money outside payment, overall am likely to stop if my next order does not go well 😡",0
fd916b30-0bf0-4fee-8e76-e64fb64e0c22,Favour Opara,5,31/07/2026 12:59,very fast and reliable,0
089fdaae-e77f-45bb-9561-9671085a92b2,Francis Mutua,5,31/07/2026 11:43,Glovo is and always my food plug 10/10,0
b76dd903-a706-41cf-a2dc-9882674b4c46,gabriella marie,4,31/07/2026 11:19,there delivery is fast i have no complains,0
906321bf-8c7a-41e2-b568-520e0e0c1e2d,Feranmi Adeniyi,5,31/07/2026 09:31,fast delivery,0
63429a35-3534-4844-a276-9951d11b7d26,Daniel Dike,5,31/07/2026 08:55,the best food app ever,0
be60013c-6e95-4c8d-9b0e-54b3d2307d35,Tederhe Griffith Oghene,5,31/07/2026 08:41,very Good,0
9206aa4f-b0c6-45b1-ad46-8f0306d70569,Abdullah Sohal,4,31/07/2026 02:44,Good,0
8f303408-bae9-4ff4-8e63-fc77dbb65bca,Nirosh Jayasuriya,5,31/07/2026 00:03,good service,0
83525d64-22ad-4cac-a447-ca86cba3ac83,Solomon Adam,5,30/07/2026 20:26,nice 👍 food,0
f438c9bb-30bc-41e1-9152-22a027a01f6b,Collins Mukokho,5,30/07/2026 19:28,"keep it up glovo,very delicious 😋 😜 food 😋",0
4da404e0-9936-49f4-8864-b557892caa24,AUDILIA WAKESHO,4,30/07/2026 19:04,good,0
50911e7e-8550-4f80-bfa4-21b6eba822fa,francis kinuthia,5,30/07/2026 18:47,Very good service,0
bbaad7c1-6531-4586-b3f8-a9bc27aa11ea,MARY,5,30/07/2026 18:13,excellent service,0
df997da3-f7a5-4b6f-a06c-b64be044fdc3,Kevin Mburu,5,30/07/2026 18:11,wonderful app👍,0
189fb3e0-6749-49c6-bf51-ed08c83167aa,Gideon Ssebatta,5,30/07/2026 17:53,Jst Woow,0
c64648cf-98af-40ad-9b07-3ca73836c7a5,Marko Somborac,3,30/07/2026 17:20,Since Android 17 update I don't get notifications anymore. On 16 it was working with no issues.,1
19ca8879-c464-4ced-9d07-c292589145a2,Cissy Nansamba,5,30/07/2026 16:30,one stop online shop,0
1a46bb56-9f99-4ebc-8f7a-bfede25efb14,Isaac Anosike,5,30/07/2026 15:53,ok,0
69fa53da-0070-4c1c-8f8c-04fd5280678a,Nika Dybalska,4,30/07/2026 15:47,Missing the option of tipping the courier via the app after the delivery.,0
f8e3c013-f21d-4225-8659-7b48e218c957,Bashar Muhammad Awwal,5,30/07/2026 13:24,Very nice keep it up. May Allah continue to bless everyone,0
92f9ee26-3057-44a8-a5f9-87dc7f1ebecc,Muhammad Abdullah,5,30/07/2026 12:56,nice service,1
7d56dcb7-dc12-46f8-abd2-f8c70509c39d,Kaylie Myll,5,30/07/2026 12:39,Nice app eàsy to use,0
2c05c964-5684-4d61-8604-5004488d8cad,Ian Afwande,5,30/07/2026 12:35,Tasty,0
958a36f2-0dd9-4eb8-a4fd-f732bd7b6cfd,Cheryl Raso,5,30/07/2026 12:13,"such an easy app to use, better than Uber Eats. fast delivery and uses what's app so great for on holiday in Rome.",1
198d5e57-1cbf-446a-acef-de7884e52d49,Mohammad Aman Ullah,5,30/07/2026 11:26,Best,0
b6098b6f-56b8-4d34-b987-ae02a4619c25,Joseph Ejeh emmanuel,4,30/07/2026 10:11,it every nice,0
30b28d7b-210a-4ef9-a894-c6ac6fdebb9c,Hildah Muriithi,5,30/07/2026 09:37,best food delivery app ever,0
724eff0a-8713-4553-9e94-3c385544541d,Amaka Ndubisi,1,30/07/2026 08:05,"lacks basic app support, hard to find customer service or get hold of any customer service to help you. past orders constantly missing from order history, does not update seamlessly when you change location. I expected a lot better given how fast the company is growing and how good their service outside the app is. the app offers a very underwhelming experience and doesn't match the great delivery they offer offline.",2
90daf3d8-a9c2-47a4-8da6-42540fd88184,Asen Stoyanov,1,30/07/2026 06:58,"Glovo is a huge scam!!! It is a pure robbery! Summary is only visible after payment has been made, customers are not aware they've robbed before that. And they are adding bigger prices for delivery than the listed once!",1
b3d971e9-24c2-4ae6-aff9-c61bd9977d8f,lahai koroma,5,29/07/2026 23:05,It was good 👍🏾 😌,0
82c539b4-7377-442f-90be-a35144aa7324,medayz,2,29/07/2026 20:42,"Groceries doesn't work anymore, you just keep getting scammed everytime and you're gambling if you're going to get any compensation back when the markets can shove any freaking random product in your bag. markets do their best to keep the total amount bigger or the same at the least, and support do their best to gaslight you to not get the compensation or keep it at the minimum. that's all! nobody is trying to make the service or the accuracy better.",0
1035693a-7601-4ad1-9236-94944ea619d4,Patience Michelle,5,29/07/2026 19:14,it's flexibility,0
e4252d6a-27a4-4893-98e2-35aad95372a5,Adebisi Omolara,4,29/07/2026 18:47,Satisfactory always,0
8f6f5ab2-75a9-4cdd-a6c5-4f9e45fed52c,Maria Procaccino,5,29/07/2026 18:28,Tasty.. Sorry that it was a little further than I realized.,0
dd6dda59-6cab-4aba-9eea-c9b1321e62a3,Keisha Manuella,4,29/07/2026 18:06,reliable,0
7a7cd7d4-a730-4fc0-86b0-12b87f982aaf,Grace Gracia,5,29/07/2026 17:32,lightning speed service! very impressed,0
b9864ab6-fdec-4d99-aeef-8e90bccc489c,Josephine Japhet,4,29/07/2026 16:18,"I love you guys,you're a savior always 🙏🫂",0
479260bd-f468-46ed-8f85-976e3060e803,Uko Chima,4,29/07/2026 15:42,great 👍,0
8cce52b2-4769-4fab-9f97-a3c9b22f18ed,Iskandar Akhmedov,1,29/07/2026 13:14,very bad,0
efc61b64-15bd-4232-b838-602b1e82c648,yomi shogbesan,4,29/07/2026 12:42,fast and reliable,0
e07205f0-61fb-4426-a790-dbcf8dfd340c,Kehinde Mary,5,29/07/2026 12:10,Thanks glovo,0
77dbfe5c-3286-4b44-b6dc-65410abe70c2,Nekpen Osayiobase,1,29/07/2026 12:08,Why does the app not work?,0
7a5d10d3-1e2a-4fcf-a064-c977abc0966b,Siham Bouayadi,1,29/07/2026 09:57,"> Je tiens à partager mon expérience avec Glovo. > Ma commande a été annulée pour une erreur d’adresse et je n’ai eu aucun remboursement. Ni les repas, ni l’argent prélevé sur ma carte bancaire. > C’est inacceptable. > #GlovoMaroc #Arnaque #ServiceClient #DroitsDuConsommateur #Casablanca",0
660a61df-1c1b-4a56-92f2-dafe807bb45a,Kamau Jennie,1,29/07/2026 09:56,the app is not responding,1
3575ded2-6262-44f6-9c15-e3771c366496,Bernardo Machado,1,28/07/2026 21:56,"Received a bad dish in my order. Was offered 2.50 as a refund because ""the system"" didn't allow more.",3
87c2b5a2-c31e-43d2-991f-55c226dd5f5c,J Grey,1,28/07/2026 20:22,"Riders often steal your food and it never comes, and the customer service don't seem to care.",0
c72811c0-4b62-48fe-aadb-7a66e9999d41,Jonathan Idache,5,28/07/2026 19:21,reliable,0
0904e262-7563-4473-811b-893e269a976c,Ogunlana damilola,5,28/07/2026 17:48,excellent,0
98298e57-eb86-48e7-b131-5519ffaf1e48,Shindara,5,28/07/2026 17:26,"this is the best fast delivery, delicious food",0
065af7da-7dd2-438c-a5f7-1a6522ced8c3,Arike Stiches,5,28/07/2026 16:05,very nice I enjoyed the food is very delicious,0
491c133c-5af0-4d19-abed-0785858111a9,Silje,1,28/07/2026 15:15,"We got very sick ordering food from glovo. It was a pizza, afterwards we threw up and it was very bad the whole day. This pizza shop was not even a real place. Glovo should not allow just anyone to sell food on their app. It was a very scary experience. I don't recommend.",0
510228d9-dea2-4942-81c9-8c0dd70e2138,Faith Henry,5,28/07/2026 15:06,it's not fake is real,0
66e910c7-b9e9-4cb0-8ea3-fe1e57b57af1,Yoan Stoyanov,5,28/07/2026 14:44,Много съм доволен с отношението на Glovo!,0
a6bf18b6-cbd2-4171-b88f-0d5157ba85e2,Efe Oghene,5,28/07/2026 14:39,"The pizza was fresh, delicious, and perfectly cooked. Great flavor and fast delivery—I really enjoyed it!",0
52206508-7bd2-42f7-9c5f-d2cadf5c3688,Robert Wolski,1,28/07/2026 13:59,"Pozwalajcie dalej na promowanie restauracji grafikami wygenerowanymi przez AI, które nie mają nic wspólnego z restauracją. Na pewno korzystanie z aplikacji będzie jeszcze przyjemniejsze.",0
2061045d-5e62-4439-aac9-127af976dc16,OBI JOY .G.,4,28/07/2026 13:09,fast and good customer service,0
004b538e-8878-4ceb-9779-a0adaee5bcff,Mossalim Mustafa,1,28/07/2026 12:17,I don't know how this app installed in my phone😡,0
9d169c75-0bf7-427e-9277-2f452c952d37,Rhoda Oricho,5,28/07/2026 10:28,super convenient,0
5f9d9b5c-b9b6-4d25-95d0-2640722e3546,Gladys Bessong,5,28/07/2026 10:08,Perfect,0
3d43ac20-9e5a-4a9d-9d5c-f707d15f6f83,chiira Karinga,4,28/07/2026 08:08,good 👍🏽,0
aed08c92-cb11-4e7f-bd9a-66fa66eb3e68,Cristian C,1,28/07/2026 01:52,"cea mai nereușită aplicație, plus că nu vor să mă lase să îmi șterg contul.",0
ab0bac76-fc08-4f9c-a7a5-8610f62ba96a,Adam Rash'd,5,27/07/2026 20:32,"this app is one of the greatest and their delivery services are very fast, their customer service is amazing and responsive.",0
70aa264c-c493-4a09-a47d-3a6595f44d6e,ERICKSON KING JAMESON,5,27/07/2026 19:22,Keep the good job up,0
61972a4a-26ce-4074-bf97-f13585baca69,carol njeri,5,27/07/2026 17:54,Fast,0
851af81d-c864-4013-978a-7192f611c4e5,Nata Ro,1,27/07/2026 16:17,"nu îmi livrează mâncarea până acasă, nu mi se pare normal să îmi comand de pe Globo și să trebuiască să merg eu să-mi ridic comanda",0
aedd94f3-3329-4c6d-92fb-d892030f8b11,Irene Thomas,5,27/07/2026 14:47,wonderful,0
f753c2f3-9917-4537-bd7a-f765c7d4ad98,anorm ubaka,5,27/07/2026 13:17,their Services are top notch,0
c9423587-f5b2-4da7-b94c-103b6c7be190,Alozie Ekpendu,4,27/07/2026 13:07,fast and reliable,0
5d9c441a-bce2-45a0-bdbf-c9a26e71695d,Youssef Bouhma,5,27/07/2026 12:26,Perfect services,0
fcba48d0-f9f8-4e78-b088-2b31641467ab,Milana J,1,27/07/2026 12:24,"Idea behind the app is great, unfortunately the service in Montenegro is terrible, and customer service even worse. Damaged orders are being received and customer service is ignoring those situations.",0
f86f4020-045b-49ae-b349-5181d8a9d531,Arebun Glory,4,27/07/2026 10:31,good one,0
da0030ff-3bac-4aca-96ab-251ab5085669,OLUWATOSIN BABATUNDE,2,27/07/2026 10:16,Awesome,0
9af92609-791f-4a59-b947-c2de2d1ffa81,Oluseyi Johnson,5,27/07/2026 09:36,it was amazing I like the fact that the delivery man was kind a patient,0
f4361e1b-88ac-44db-9f0f-4c8ae98b31ad,KHAWEKA “ivan musk” IVAN THOMAS,5,27/07/2026 07:53,Glovo is the easiest company for ur deliveries,0
bb99b395-1b99-489b-80b2-b3a4462fb840,Bukola Odunade,1,27/07/2026 06:31,this is where to be whenever you are hungry and if you haven't tasted the burger place your order today✅ it's yummy😋,0
266d209b-585b-467f-aa33-a80ee589e43b,Luc Pinto,1,27/07/2026 00:12,Opaque & tragic app. Competition does it so much better it's almost humiliating for the Glovo team. Deliveries won't make it half of the time.,0
8f265e7a-ebe8-4ee6-8989-b94b06a06201,Raouia Hmamou,1,26/07/2026 23:08,النصب و الاحتيال في أبهى حلة كيدوزوا طلبيات بفلوسك واخا انت ما طالب والو و ملي كيمشي livreur لشي بلاصة غالطة كيبقى يطلب شي أثمنة خيالية باش يجيبها لك و هما ما غاديش يردوا لك الفلوس حيت ما يقدروش. نصابة,0
86b53272-6cdf-4ea9-8e22-6e758c91ae8d,marwen beltaif,1,26/07/2026 21:14,"i tunisia, the application inflates restaurant prices before adding delivery fees. On top of that, they pressure you with extra steps during delivery, which wastes time and seems designed to push you into paying additional fees next time to avoid delays. Overall, the experience feels manipulative and unfair. I do not recommend using this app.",1
94a961d6-9f21-4ac7-91ff-a24bfaa819bb,Shakira Yahaya,5,26/07/2026 21:02,🥰,0
92621906-279d-4470-add6-789081fd1a3a,Saving,1,26/07/2026 20:23,we need glovo in oulad teima please 🥺,0
ac1a21c8-6fc9-4c69-920a-f82f19e13d78,Youssef Baccar,1,26/07/2026 20:16,"L'application permet au livreur de livrer plus de deux commandes simultanément. C'est ce qui m'est arrivé : j'ai livré deux commandes à des endroits éloignés avant même que la mienne ne soit livrée. Du coup, les plats sont restés froids. التطبيق يسمح للسائق توصيل أكثر من طلبين في نفس الوقت وهاذا ماحصل معي اوصل طلبين في أماكن بعيدة قبل أن يوصل طلبي ماجعلته الاكل بارد",0
d5b855c1-dd6f-4b7a-9700-b737960a9de2,Titilayo Adewunmi,5,26/07/2026 19:39,nice and delicious 💯 percent,0
18038ae3-fd5e-4c8c-a3d9-78920554f9dd,Jamiru Nalwaasa,5,26/07/2026 18:53,you can get what you need because you gat it all,0
a9eeb2a3-1bfd-4a8a-9689-e19d0aaa277c,Roman Dadashev,1,26/07/2026 18:48,"I have ordered 4 items, they delivered 2 and charged for 3. after claim they refunded me money for only missing one but not the fees despite the order was half fulfilled. and even that took 10 minutes in their terrible client chat",0
1559fdbe-59c1-45ac-acc0-96aec82dc235,zineb,1,26/07/2026 18:26,what is wrong with this up lately???? I had to uninstall it and install it all over again every time I want to make an order. it's been this way two weeks now or so.,0
a27d704e-28e0-40ed-86f0-f9f1e4457327,Ivan Daghi,3,26/07/2026 18:12,"can't add a new card. After adding a new card there is message ""success"" probably with the button continue, down, but you won't be able to scroll to it. Thus you won't add a card. After about 1 month glovo still didn't fix the problem. Wish you, glovo, a lot money 🤣 After less than 4 years your income will drop to zero and you will be amazed because you didn't read the comments. Absolutelly useless app.",9
f0aaf391-3922-43e1-9191-eb9468e6fe95,Ben,1,26/07/2026 17:39,"Terrible experience. My last 5–6 orders had problems, including wrong or missing items and a courier leaving without delivering. Then a bug locked me out: the app treated my email as new but also said the account already existed. Support ignored the issue, transferred me repeatedly, gave excuses, and closed chats without fixing anything. I had a 24-month Prime subscription, but after weeks of this I deleted my account. Completely unreliable. I do not recommend Glovo to anyone.",6
38fb12e3-ab75-4684-ba1e-5b13458117b6,Ilyas Rachid,1,26/07/2026 15:14,bad services,0
a4c4426b-7551-490b-8da5-eea7de7eec62,Nicoreter Wambui,5,26/07/2026 14:39,You are the best,0
4bd5bc42-27e0-4233-b74c-a67fb421806b,Angielegacy,5,26/07/2026 14:20,Trust them you won't regret,0
70d99eda-52c2-451b-af7e-19616c446b07,Olawaiye Famodun,5,26/07/2026 13:28,Fast delivery with easy and mouth watery Dodo pizza,0
6481b2c6-78db-40b0-84f5-f689f2100dde,Nantale Caroline,5,26/07/2026 11:57,good,0
f1bd6136-ff91-4cea-b059-07c58b398c70,Winnie Bamidele,5,26/07/2026 10:21,nice app I could order from the hospital and it was delivered in good time,0
8d3d6223-a58d-4032-873e-81abe660b622,Sariël Belinfante,1,26/07/2026 10:12,"Glovo prime simply does not work. When ordering from any restaurant (even ones that are barely a km from my house) it tells me it's too far away for the Prime benefits to apply. So I'm paying the monthly Prime, and about 5€ per individual delivery. Absolute joke. Edit: It says the restaurant is too far from my location even when I order from a restaurant that is in the village where I live! That is an actual scam.",0
772e6432-8c35-49ef-8e95-351c34ce489c,ONYINYECHUKWU OZONWANKWO,5,25/07/2026 23:42,the best app for swift delivery,0
e8cdbde9-4ca1-4448-b244-918d7f7a09d4,Gloria mwangangi,5,25/07/2026 23:00,excellent service,0
9174f0b2-adc6-4e93-bf03-6e6b1da912bf,Houda rezgui,3,25/07/2026 21:32,I know that there are restaurants near me but everything appears like closed,0
b821aa83-1657-4535-9541-d2e5283a05f0,Muhammad Abubakar,5,25/07/2026 20:46,good 👍,0
5d5d6bb5-6887-4fe6-99ba-377c817d0c4b,Dennis B,1,25/07/2026 20:44,"Terrible. They keep charging the credit card even after the prime is cancelled. Even after disputes via credit card, they try to charge again and again. Not responding to a single support ticket. customer service just doesn't exist",0
904415e2-6b46-4360-87f3-4cca5c2e573b,adam hamma,1,25/07/2026 20:27,fake information in restaurants,0
f8395f65-99d5-447a-abcd-03a133121b53,Chinedu Nwabueze,5,25/07/2026 19:51,Good,0
19d26c82-4b8f-4d29-8dd7-e70b90d2fdcc,Beth Wanjiru,5,25/07/2026 19:27,fast and easy to use,0
35801dc2-d37c-41f1-b2ee-13425b94997f,Thierry Nasr,1,25/07/2026 19:14,terrible customer support. the integration of ai and bots is not serving them well,0
0a18e9b5-27b2-4fe0-bba2-6d0575f07f47,Timilehin Are,5,25/07/2026 18:03,Great work guys,0
380b8824-9f9f-42b1-95f6-862a547b917a,NWOSU OLUCHI JENNIFER,5,25/07/2026 17:58,I love Glovo their services is great,0
28e76628-f57e-46c1-a8be-639faf4f7a7f,Cherop Charles,5,25/07/2026 17:57,value for money,0
23c99afe-a73a-47e1-96f0-e83bdf063212,Comfort Odiong,5,25/07/2026 17:08,Excellent and fast in deliveries,0
21b996cc-1f8f-46c8-b168-1e647da7e145,Salihu Suwaiba,5,25/07/2026 16:00,The best 👌,0
4371af15-3b4b-4d33-9078-5b1bc0bc6939,andrew juma,5,25/07/2026 14:23,all I can say is amazing,0
3c93c5d3-b866-43e9-82d7-9ec0609cb9dc,timo ns,2,25/07/2026 13:14,"the app stole money from the card and customer support keeps pushing dates don't attach your card to the app. Will charge you and not create an order. they you'll not get back your money ps I've waited for more than hours they requested wait, and contacted 3 times...",1
928f8836-3672-4f21-9c4e-bcff0b4aa7e9,Rose Dottie,5,25/07/2026 11:24,Glovo food and Groceries are very fresh yummy Best for human consumption the offer the best customers services and should locate more restaurants globally to reach more customers I compliment their food and Groceries to both local and I international customers no more stress before and after tiresome duties order your meals with Glovo hakuna kulala njaa,0
3800bf4d-124b-4f26-9657-ab4f81b356e4,Nakigozi Viola,5,25/07/2026 11:02,good,0
422cdfe7-19ad-47c6-83a8-1257961a3286,Hadija Wakarima,5,25/07/2026 10:08,Very Fast and Reliable Service. I'm One Happy Customer 😊,0
361255d4-e3b1-44d6-aa85-8432606df14c,Jacinta Nakaggwa,5,25/07/2026 09:26,"perfect delivery channel, no regret at all",0
86173347-9752-45ee-8d22-8469866e8706,Dee Roberts,2,25/07/2026 08:00,"Dismal experience. The app itself is relatively easy to use. The issue is the retailers have no commitment to honoring what was ordered, or delivery times. I waited 6 hours for a delivery - drivers showing up 3 times and it wasn't ready. When I tried to cancel I was told I would pay a penalty, and the vouchers offered were ridiculous - 1.50 discount on a future order .. about 1.5% of what I was spending. This has great potential - but the retailers need a better contract.",2
e38ce6da-7948-4496-8c36-aadf8685d7c2,zourigui sophia,1,25/07/2026 01:12,refused to bring my paid order and kept me waiting for hours with no order in sight deleting this app right away,0
e0297a7b-b642-40ff-84db-e42731361f9e,Relief Care,3,24/07/2026 23:31,Had both good and bad experiences.,0
9b769dcc-f3e6-4837-8a6a-7ac7a12d26da,Afiq Zamani,1,24/07/2026 21:37,"The prices stated when I checked out my food are 20,200dt with promotion, when the delivery arrived the total was 23,600dt. Poor apps for food delivery unlike the Grab food in Malaysia. Please upgrade your apps🙏🏻",0
e0062b98-ff5e-4341-be46-a0f37296653b,Sunday Ronald,5,24/07/2026 21:17,really good try it,0
ebfdcec2-2c81-4057-946c-815edac040ac,Madu Darlington,4,24/07/2026 19:43,it's fine,0
a266591d-8af3-4a83-93ed-1c6cef730d24,M D,5,24/07/2026 18:14,Много лесно се поръчава и бързо се доставя.,0
4cd3d12d-6496-405e-b510-4283dc4ce659,Muhimbise Raymond,5,24/07/2026 17:22,"the Best delivery app. I mean it's even better with Glovo prime. I paid using Mobile Money and I wasn't even worried. I knew my order would arrive. Also, the delivery Guy Ssentongo, he's literally the Best. am glad I tip Him on the app. Thank you Glovo team. it's truly value for money with you",0
81474eb9-9eeb-462b-8fea-60c41b5ae605,Alex Op,1,24/07/2026 17:03,2026 retarded UX. Cannot go to store from orders history list!/I have to MANUALLY SEARCH FOR IT????,0
e11eae8d-2438-4802-be52-66e95e06fbc4,Blopy loopy,1,24/07/2026 15:12,a promotion I was given in the total price at the end suddenly disappeared after I paid and no one can find it. complete scam.,1
c97a077c-bdc9-4046-a949-a7e4ee554363,Ndubuisi Agbandu,5,24/07/2026 14:08,Smart!,0
dad52cf6-a5ec-4f19-b682-8556eda84ef6,DANIEL OLUTOYE,1,24/07/2026 13:13,"worst experience. My first my order was cancelled by the vendor, i dont know where my money returned too. the order that was not cancelled but the rider kept updating time of delivery..1 and half hour now i have still not yet received my order. let this order just go through",0
19efd66e-7aca-4c60-abc0-bd0265a29048,chuks igweke,5,24/07/2026 13:09,"it was really fast, I was shocked",0
858ebfad-8868-4199-a49e-fb0ac90967a7,Oluwakayode Bello,5,24/07/2026 13:07,Smooth delivery and perfect service 👌,0
3f43d0b5-e4bb-4f37-bc32-28085a4b5841,magezi Moreen,5,24/07/2026 13:00,your the 👌,0
4f16c118-73d1-40e7-9d1d-9ab6cc5150d5,فيروز fayrouz,1,24/07/2026 12:28,"⭐☆☆☆☆ ⚠️ À tous ceux qui pensent utiliser Glovo, lisez ceci avant de commander. Mon expérience avec Glovo a été l'une des pires que j'aie jamais eues avec une application de livraison. 😞 Le vrai problème commence lorsque vous avez besoin d'aide. Le service client est très difficile à joindre. La plupart du temps, le chat n'est même pas disponible, et lorsqu'il l'est, il faut parfois attendre très longtemps avant d'obtenir une réponse. ⏳💬 J'ai même dû demander au livreur de contacter le sup",0
020c79ff-5930-4df5-9383-a1685245adbf,Fayne Muthoni,5,24/07/2026 07:52,"very good,and fast",0
2a1bc86c-7864-4eb3-a7ee-3416b0ab5550,Oghenevwoke Jesutekevwe,5,24/07/2026 07:19,"truly awesome , gives esteem service truly love this app but which it was in warri",0
57ad7222-36b6-49b6-89b1-abc1cdb20c86,mejri raslenx,1,24/07/2026 05:42,ywasel ken fl 3asma wjerba w Sousse yaany ken lmanate9 sye7ya w Chy heka ama bch ywasel al9al 15 Wileya fmechh mla ahwel,0
b988f33f-e6b9-4e04-9c4b-5db2eece816b,Pedro Borda,1,24/07/2026 02:39,"• Deliveries: Food is *always* at least an hour late. • ""Customer Service"": No support from humans. The most basic Bot/AI will give you options which never even try to pretend to solve the problem and send you a little ""celebratory message"" as if they solved it. You will then be directed back to the main screen. • Quality: Used to be bad, now it's worse. Many couriers have good excuses but poor performance. Most restaurants serve food for desperate people. Quality is rare and evasive.",2
5af5acc9-c942-4ccf-91dd-c44c2e4ff19c,Isabella Nwahari,5,23/07/2026 20:11,very good,0
7557b54b-596b-41f2-baf7-0334f44293d8,Luís Araújo,1,23/07/2026 19:39,"I suddenly stopped being able to order to my address, I was not compensated or refunded for my subscription by the app, and every time I tried to reach for support I was answered by ""agents"" who stalled and gave repetitive replies. I have now cancelled my subscription since the app is unusable.",0
84eafaa3-92e1-4728-8223-e7d4260ac2ec,youssef scratch,5,23/07/2026 19:20,خدمة سريعة و رخيصة تقريبا نفس اسعار المطعم و اول استعمال توصيل مجاني ❤️❤️❤️,0
c7cdaa46-2ecc-4bf3-b9ff-e6412547f049,Dmytro Zabolotnyi,2,23/07/2026 18:00,"impossible to add new card, because the popup window doesn't scroll",0
9581c8eb-49c8-447c-b3e0-21ec9d062983,Ikenze Godwin,5,23/07/2026 17:57,😁,0
95595ff7-2550-4f8d-9ba5-d528c198f432,Charles Daly,5,23/07/2026 17:52,perfect,0
50bd542a-80d0-4591-b7b6-8379e5f03191,James Wainaina,5,23/07/2026 17:34,nice,0
ebbfdd9f-2481-4f0b-8de0-719099095e32,Hananiah precious,5,23/07/2026 16:48,fast and reliable 💪,0
e058906d-95e8-47fc-9c05-2defd6ead7e5,Ivana,4,23/07/2026 15:41,very slow delivery I ordered KFC and it took one and half hour to come for other purposes the app is fine,1
b6f0928b-caff-4b8c-9d2d-488a7ee17c94,Ezinne Okorie Awa,5,23/07/2026 15:20,always order your food here,1
9c5c7c45-2442-4d2b-9f8b-0f14b52d9b76,Prince Ezeji,5,23/07/2026 13:36,reliable 👌🏻,1
161fb493-92b1-4c84-9a61-632ea33c94fb,Krunal Davda,1,23/07/2026 13:05,it's very fake,1
5331e5fb-d56d-4c6b-b95f-3f164f79d709,Lucy Aluh,5,23/07/2026 12:07,nice,0
7cf12e55-8e50-4d51-88f5-91b59e48b703,SHANE MOORE,1,23/07/2026 11:28,"Very disappointing experience. My order arrived with only 1 item, and Glovo refunded the missing items but still charged the full delivery and service fees. As a result, I ended up paying €8.20 for a single kitchen roll, which is completely unreasonable. To make matters worse, customer support refused to refund the delivery and service charges and then closed my support case, leaving me unable to continue the conversation or appeal the decision. This is poor customer service and an unfair way",1
84718a33-2333-4b49-b8fd-cc078bf64ac1,Dumitrescu Cosmin,1,23/07/2026 11:00,Uninstalled it! Order came with a living COCKROACH!!! After I sent the picture the chat bot trolled me saying it was sorry and that was it! Order was not considered compromised!!!,1
90f831db-b7cb-4de8-bde1-bf9d7cb005d9,Selina Pariken,5,23/07/2026 08:17,Best customer service,0
1be7ee01-1898-4c75-8bf5-ff539161393b,Alex Rapheal,5,23/07/2026 07:07,I love just using it,0
9912a269-3391-4cdc-b508-13e052da480e,Mohon Ullah,5,22/07/2026 23:48,good and reliable,0
1aa43a81-7038-40a0-a390-6d00562d2fd8,Maia Lyn-Simmora,5,22/07/2026 21:09,glovo were fast efficient and friendly...whoohoo,0
ceed5ee8-e1f7-4d56-beff-dc96fc06a220,Lexi Mugure,1,22/07/2026 20:42,I ordered something and paid yet they cancelled and didn't refund me. The app is also slow.,0
caaf4269-0f4d-4e00-aac4-b7e39075aa35,Wiktoria Wierzchowska,1,22/07/2026 20:07,"Jedzenie zimne, aplikacja się zawiesza, długie oczekiwanie na jedzenie,",0
86307551-ec80-41b2-ac01-213f0a974b34,Lilselil,2,22/07/2026 19:57,great offers but on refund pick up they don't allow and specify restaurant location like bolt,0
2c353285-2cdb-41b2-804c-0396be88d741,Tobiloba Ikuomola,1,22/07/2026 17:19,so bad take ride to deliver a long time,0
257e2f6c-9ccd-4373-9af4-31f76ca8145b,fatma abeid,5,22/07/2026 15:50,excellent services,0
87d4dcd9-b87c-4371-8599-e2df485c3c13,ROSE NDUTA,2,22/07/2026 15:50,Kindly check in your system why delivery guy never delivers even after paying custom of 1000 ksh since last year,0
7e83694d-18f9-46ef-9e49-97eec1af0fd5,Bukola Akadiri,5,22/07/2026 15:37,Fast and Reliable,0
418a08c5-c71f-4386-a3a5-2f3ffc70e969,Александр Музлов,5,22/07/2026 15:24,Works perfectly. Easy to use.,0
027785bf-9970-45d2-a2ff-1cdb1388b5eb,Anani Freeman,5,22/07/2026 15:09,excellent,0
658a0e97-bb9e-4ce0-adac-5ffd818a9653,shalom alfred,5,22/07/2026 14:44,customer service on point,0
27ffb1e1-d048-4e02-a18b-f41217032ab7,Jean-Simon,1,22/07/2026 13:55,clearly a lot of fake reviews to get this app up to 4.8 stars. I've zero help on an order. Glovo's idea of help on an order is to send you round in a loop with an AI bot or tell you to call the restaurant who are clearly too busy to answer. I'm definitely uninstalling this app and would suggest everyone pays attention to the 1 star reviews because this really is a sham of a company.,0
ec3b1f81-115e-494b-a137-72aaf0cd32a5,Toyin M,4,22/07/2026 13:48,Reliable,0
cabc0c78-2db9-4539-9ebe-dfe142936971,Abass Atinuke Adekola,5,22/07/2026 12:52,Very fast and reliable app😍😍,0
5985391b-676c-4956-b326-6e4171859b1e,Akanmu Olalekan Tobiloba,5,22/07/2026 12:35,excellent 👍,0
f8778330-1133-44c8-b7c6-e4de64da334a,Fernando Martins,1,22/07/2026 12:18,Have been double charged without compensation,0
56d6233f-8209-4522-a4de-f3caa76b484e,Danson Karanja,5,22/07/2026 12:00,sharp💯🫡,0
e7b6d8ea-eec9-4e5a-aef4-cfad577e2a75,Albarka Adukwa,5,22/07/2026 11:47,great app,0
566efefd-a4f1-42f0-b9be-c22245afa9bf,Bankole Abdulquadri,3,22/07/2026 10:48,good just good,0
e85754b6-5856-4c4e-8369-b341c16da647,benjamin oludayo,1,22/07/2026 10:16,"I added my card for prime and I started getting debit alerts without ordering anything. I had to block glovo. I was still getting attempts to remove funds from my account and all they said was the transaction didn't show on their end. The first one, they said they removed the funds for prime, and it wasn't due till the following month, and then they claimed they didn't even see the money.",3
641a9150-7304-44bf-b2f5-96d8c6d2c34e,Hello Rale (Hello Fred),1,22/07/2026 08:29,Sweet-talking hustlers,0
21f4cf6d-4037-4f4d-9654-5ac4e9e532ab,ELIZABETH MWANGI,1,22/07/2026 08:21,I have been following up on my refund after i cancelled my order and they keep saying they paid. The money has never reflected on my mpesa to date,0
8fd0dcb4-faf7-4d34-9863-1a0631747edc,Kokani Sylvester,5,22/07/2026 07:53,always good,0
2d7f7955-9499-467f-9a13-abe3c86ef363,OUSSAMA BENCHKROUNE,1,21/07/2026 23:40,"i ordered a burger and kept getting delayed util we reached 1:30 delay for what supposed to be fast food, i couldnt cancel the order then gave notes to the driver that i wont be able to take it since i have stuff to do, order get canceled and i still get asked to pay it on my next order, naaah forget it",0
588589ae-6fb6-46d9-b9dd-ef93b72bfdb1,Gemoroda,1,21/07/2026 22:18,"Is this the new way of BEGGING or SCAMMING people of a few more pennies? how much untill the services cost 70% of our order? (WE ALREADY HAVE DELIVERY FEE, NIGHT FEE, WEATHER FEE, FEE FEE) Services (night) 3,49 RON This helps us run our app, operations, and support teams at night. It's a flat fee of 3,49 RON Since 2024 now, this changed to ""Services (night) Keeps the app and customer support running smoothly. Starts at 1,99 RON, is 79%of your order, and capped at 9,99 RON.""",0
2c553879-3f5c-431b-b290-4aa7cadc41d7,Jenni Whalley,5,21/07/2026 20:25,Our courier Bandia was very friendly & super quick!,0
77f128d5-6e86-4ba0-8a70-cb41ae299839,Chantel,5,21/07/2026 18:49,the food arrived fast and hot,0
ea8153ef-a83f-4844-aab8-124b28c2268a,THE ONE,5,21/07/2026 18:44,Great Service,0
da8d6d57-f82c-4a10-97b8-e6470f1d8c20,Khandoker Hossen,1,21/07/2026 16:30,"they're delivery men maximum are very bad behavior, don't want to deliver if you are living up stairs. even you, mansion in address. so if you denied to pick. they will cancel the order and chop money.",0
3785ab75-f6e3-4c8d-a282-93cddc307bda,Adenopo Caroline,5,21/07/2026 14:41,good,0
7fbde8bd-d71d-40d6-b48c-55f47acd3397,Oskar Koit,5,21/07/2026 13:33,Easy to use and good selection!,0
be82190e-54d3-44a9-8f4d-751c2a2b708a,Adnan Tamuri,5,21/07/2026 12:18,fast delivery service,0
8f467e54-adc8-4bb4-a4a6-e338ab425f2c,Chidimma Oliora,5,20/07/2026 21:11,perfect,0
85e24a87-ba8c-4084-b281-e8605cdb0c8e,M K,1,20/07/2026 19:54,Multiple unresolved refund issues.,0
b9f53be4-5aab-4302-a90e-618ad993067a,Godsave Obordor,5,20/07/2026 16:36,Glovo is the best,0
09d38904-7ed6-4ace-abc8-5127679a1042,Afrae Youbi,5,20/07/2026 16:09,واعر,0
75924c8c-02f3-4df0-942a-d0dcf2fd34f5,Joy Eyo,1,20/07/2026 16:08,i was assaulted today by your rider at my place of work if not the intervention of our security personnel it would have been worse on the 3/7/2026 i ordered food and when the rider came i made payment and the rider confirmed my payment i got my food and he left only for him to call me back saying that he didn't receive any payment i proceeded to sending him the transaction detail on WhatsApp he kept saying he didn't receive the payment that i should send him the money,0
7a6d538e-6dc8-4d6c-8f93-5cb40693aeb4,Dorcas Adama,5,20/07/2026 16:03,thank you👍👍👍👍💯,0
85efa824-ae44-4d3a-af66-574eec005110,godfrey mwangi,5,20/07/2026 15:40,timely delivery,0
d920777e-0982-4d72-b6cd-3c23b3e463f8,Arnolove gml,4,20/07/2026 14:55,greatful.....,0
61fecf3c-9fb7-4078-8fc9-69a8379601e3,Awesomely geeky,3,20/07/2026 13:51,"Bug report, if I choose transfer for payment, I can't cancel order, even when the 15 minutes expires, just keep loading",0
6a7ae025-ff6e-48cc-b2a1-204a18145603,Wilfred Muriithi,5,20/07/2026 12:52,best ive ever had. try glovo,0
a4eafe91-8aee-4e32-99ba-29e8d47ecd34,Leonid,2,20/07/2026 12:10,"Tips should be given AFTER delivery is done. The route to deliver passed my home and made courier deliver stuff far away first, not a shortest route. Ads. Constantly increasing time but keep saying it's ""on time""",0
0a7832d4-163c-48f1-b9ff-d95d7c0418c8,Ismail Abdulmodiu,5,20/07/2026 10:47,great service,0
1d13b255-2ac2-4fd2-a4c4-bccf2bdf1009,Sunday Philemon (sundaySEC),5,20/07/2026 10:32,very reliable,0
e2796479-1af5-419a-97d4-6b908ca20113,Katie Hemming,5,19/07/2026 23:28,amazing 👏 very fast,0
ad63b156-66a5-4526-af24-555f12751077,Pavel Velev,1,19/07/2026 22:25,"The average score should be way lower. It already has been three instances in which after waiting for more than 3 hours, the order gets cancelled - No explanation, no immediate refund, not even an active agent to answer what is going on with the order. The delivery guys don't even speak Bulgarian nor English. Glovo is the living representation of unreliability - a stain to the whole delivery business and I hardly believe they will continue to exist much longer.",0
39ee0f6a-8350-4a69-9604-126c5fe0d6dd,dafex x,1,19/07/2026 22:24,hidden fees shown only at the moment of paying system designed in a way to deter any refunds or complaints - all in all very predatory - even the questionnaire they send by mail (about rating the app)is directed in a way to blame the delivery person or the seller deletes bad reviews and opinions - which is very obvious strongly advise against using this app either as a customer or a business I will spread the message to everyone I know to not use it. glovo should be class-sued for their doing,0
0a3201ad-a166-4717-9d32-6367ccfdbda4,Vladimir B,1,19/07/2026 22:05,I'm paying service to deliver me orders and provide support if something happens. Glovo is not delivering and their support is useless to solve the issues,1
ad99303f-e8e7-440e-b1af-eb2da74f70f2,paul mears,5,19/07/2026 19:15,brilliant and quick too.,0
37b548ba-e4b0-4509-b5c1-6e584a6a23b1,vukmanja jovic,1,19/07/2026 17:23,Isto jelo na Wolt košta 990din a na Glovo je 1450din i to je kao na akciji spušteno sa 1800din. Nije prvi put zato sam deinstalirao glovo aplikaciju.,0
6033701d-2ecd-4a32-ba11-b600b904cd90,Kintija Barisa,1,19/07/2026 17:02,"apparently not all places are covered, should mention that !!!",0
e75f8f00-de39-448e-aa39-2b8aaa8fcae0,Maria Angelina,1,19/07/2026 16:49,"missing item, and would not send a courrier to retrieve missing item or notify before hand that it is unavailable giving me an option to cancel the order. and help provider was unhelpful and rude by the end.",1
ff0fc649-5507-48db-ae2e-3c9de91925af,Hillary,1,19/07/2026 16:11,Broad day light thieves,0
f8cbe68b-09f6-4c67-bced-92c03be4e91a,chibueze awa,1,19/07/2026 15:45,this glovo is a scam I think. i paid for an order that was not delivered and my money not refunded I would rate 0 stars if possible,0
25cc61e6-3a29-4bc5-9507-53fcb2a2b454,Celebrity Emperor,5,19/07/2026 15:38,Trusted and reliable,0
00d6a6e6-90a4-44d4-ac71-a7d9f0d7f326,Carolyne Okoko,5,19/07/2026 12:56,quick and reliable,0
b4254826-fe65-42fa-a40b-a8de9f419f3d,Walusimbi Jim,5,19/07/2026 12:52,it kawa,0
90950ef9-7c52-4412-a3f9-4e8ccf0417db,Nadraht Mohammed,1,19/07/2026 12:36,"worst app ever, you can't get through to a live customer support directly.",0
6f420b3a-41f0-40b6-998d-90d9e1a3b656,Klaus Klaus,1,19/07/2026 12:12,This app is very bad and needs fixing,0
9e5f0909-d9d4-4f18-a3a8-06869a09b5c3,Valeriu Simion,5,19/07/2026 12:09,Totul a fost perfect.,0
c0e3fc48-55e3-44fa-8127-1a9e38ebe5a9,Rose Wanjiru,5,19/07/2026 11:43,"fast,reliable and respectful delivery service",0
29c85311-603f-4863-9da0-0d2fd6bbec58,Onyemaechi John,5,19/07/2026 11:31,Cheap meals you can trust and enjoy,0
121e5ad2-32ea-4d9e-ace4-72da465a8ae6,Bilqees Olaide,5,19/07/2026 10:40,"They're very efficient, reliable and reasonable ❤️❤️❤️❤️💖💙🎉🎊💎",0
18e9a490-8fd2-4c47-bd9b-a246085f460b,Fidelity Frank,5,19/07/2026 10:26,good but the food and items billing is too high,0
8cdba3e5-e3c9-4d4b-bb50-90dc150b2dfb,Vera Ngozi,4,19/07/2026 02:26,I love love 😘,0
44fda286-7bbf-439b-9905-b93989096b0c,Comfort Bamigbaye,5,18/07/2026 22:53,good 👍,0
a974591b-49eb-497a-bfa8-824313b61760,Olayinka Daniels,5,18/07/2026 22:10,good delivery,0
de87a584-dd86-42c7-a973-9156ca51e4d1,Danny,1,18/07/2026 21:48,bad customer service,0
11e5f39c-82e9-49ad-bb2e-9acdee995366,Thomas,1,18/07/2026 21:32,terrible service,0
01d17e5f-e38d-4228-a825-388f4f4e7292,Cashun ailu,2,18/07/2026 21:09,Please Add dark.mode night time i cant to see plsss,0
380e7dd0-e242-4b35-8ba6-0a2c13d01112,Alexandra H,1,18/07/2026 20:35,"Still struggling to find a food delivery app that won't be horrible. I waited for my order for three hours, went through six delivery people, contacted support. Order got cancelled and the compensation was cheaper than a coffee. This is just one example. Not to mention the blatant AI images.",0
bbd550ba-ed69-4b0a-91ce-2f81c3227194,Virginia Mbugua,5,18/07/2026 19:59,Glovo is fast and they deliver on time,0
8cba3be6-ed4e-4089-98f8-45c871621fd2,Reda Souiheb,1,18/07/2026 19:38,if i could rate 0 stars i would these guys are stealing money out of people's accounts and not even acknowledging the issue not even through an email they have all the info needed to help but they chose to make it harder for everyone DONT LINK YOUR BANK CARD WITH THESE GUYS IF U WANT TO HAVE NO ISSSUES.,5
886d9ee9-9c5a-4adb-9ff0-9cce54ae3468,tolga topal,5,18/07/2026 18:45,"Good design, UX experience and without (noticeable) glitches.",1
6fb8b50b-9b3e-4500-9690-450a8670ad74,Hanna-Ingrid,1,18/07/2026 17:57,Horrible customer experience. They dont help you one bit. If you have issues they wont help<3,0
e5d71437-9bef-49e1-b09d-af1470a07d9f,Ellis,1,18/07/2026 16:58,terrible app,1
67952b5e-5e68-4b23-9ff9-3e528e4389f0,Harron Don Santos,5,18/07/2026 16:23,Wonderful,0
4c03b08b-ff54-4725-ba43-276b314d9adc,Esther Moses,5,18/07/2026 15:54,very good and fast delivery,1
cada95b4-2d90-401e-bea9-38b69595ae30,Prince Uchechukwu,5,18/07/2026 15:29,very good delivery app,0
e6ff3257-50b8-414b-ae03-7dd783dd0797,Iretioluwa Omotara,5,18/07/2026 15:09,Great service delivery,0
7de459f3-d476-4bb3-9873-7bdda2bf6dbb,Christabella Ebulu,1,18/07/2026 14:46,they scammed me,0
818c6c55-cf5d-494c-862e-e30ed6163552,elizabeth mwelu,5,18/07/2026 14:36,they're faster,0
1a5e58a4-bf92-4c80-ac6d-4f0671688f03,Красимир Кръстев,1,18/07/2026 14:16,insane. got 2 burgers for 22 eu and delivery was 6 eu + 2 for hot weather + 2 services +1 packaging,0
7a279f23-560d-4ace-b1f2-5e1034d310c0,Testimony Akinkunmi,5,18/07/2026 13:43,they are fast,0
f8e70932-7508-42b5-a97a-a40b1e65b068,Nambasa Dorcus Berinda,5,18/07/2026 13:15,So helpful,0
c89e5aea-6507-4caf-a28e-e755a77db883,Tim Maev,1,18/07/2026 10:56,"Very bad experience. The total price in the check-out screen doesn't match the price I was charged. Support doesn't help with any problem, only send the facts about the order then close the chat without any resolution. The UI is bagged. Even hard to comment on the support work because letters are replacing and deleting by themselves",2
31d8e58e-3cde-4ada-b144-a51c9c744c8b,Yusuf Aishat,5,18/07/2026 09:51,The Second time of ordering but first time of satisfaction ☺️,0
7df14070-1845-4718-83c8-38788088f1c5,Akwande Mhlongo,5,18/07/2026 04:53,"My experience has been bittersweet. There have been times when vendors cancelled my orders after I'd already waited for hours, which was frustrating. However, Glovo's customer support has been outstanding. The team works tirelessly to resolve issues and genuinely cares about helping customers. A special thank you to Ibisola for going above and beyond. People like her are the reason I continue to use the app",6
86616e8c-3121-4de0-b977-3eb25913db56,Shahad Qamar,1,17/07/2026 22:43,worst application for food.. waiste of time and money. I tried many time but payment still loading almost 1 hour and after that also app is still not working ..,0
6fa447be-17ce-4d27-933c-03506c742090,firas chatbouri,1,17/07/2026 22:40,na9ssou mel pubb f youtube mrejtouli l kebda mte3i,0
8cd34e31-4e5f-46ab-a30c-2f854c7c28d2,Viktor Shchelochkov,1,17/07/2026 21:52,great your backend is down again and i can't order food!! just HOW difficult is it to NOT change anything and NOT add AI to support or help center instead of support or just never touch your payment gateway so that everything just works???,3
c0818f9b-6ee3-423f-91cb-d9444b9ea988,Gonçalo Peres,1,17/07/2026 21:41,"constant errors, crashes and can't process payment even after closing the app and restarting. this happens through years of use you pay their subscription and still have to pay fees",1
4826f477-0fd5-443d-908d-5ad568bf39b5,A. A.,1,17/07/2026 20:56,Deliveries often hours late and no way to contact support about anything. Avoid like the plague.,5
a5289543-3ba5-433e-9f55-020d31f0e8ab,Adejumo Sodiq,5,17/07/2026 20:09,Good,1
d69edb1e-8d70-4ebd-bfd4-f097738cc833,Anjie Ogola,5,17/07/2026 19:16,the best,0
001adee5-49a0-47a0-ab53-bab2c56a29ca,Austeen Chikwenye,5,17/07/2026 17:21,fast and reliable,0
9240ff41-a2e6-4a88-b4e1-1d6b29fbbb26,Festus Omeh,1,17/07/2026 14:59,"Glovo is the worst delivery app I have used, don't even think of downloading it. These guys delivered my food unsealed in a black nylon bag; the meat I ordered was missing, I reached out immediately and they opted to refund instead of delivering the meat separately; they never did, I wrote several times, they never replied, until one day they shamelessly replied that they couldn't refund me my money that they will ensure such doesn't happen again. I forgot to mention the delivery delays...delete",2
2a6fbe4a-936d-494c-b91c-3a41b5ca3c0f,boluwatife monehin,5,17/07/2026 13:13,very good 💯😊,0
078d002c-b96e-4870-8911-c0723d150716,Nicksone Were,4,17/07/2026 12:54,Reliable,0
78dc077c-b8b1-4f9b-a9b9-34d602ced269,M_LORD,1,17/07/2026 12:49,"jest opcja zamówienia ale brak kurierów, na zamówienie czekałem ponad 1h a wczesniej ponad 2h aż zostało anulowane z zwrotem pieniędzy",1
40f0ac9f-b3cb-4612-a351-b41eb5d36348,Nao Ubyshev,1,17/07/2026 12:20,я попросил вашего помошника исправить заказ на правильный адрес он написал что сделал но он вообще поменял на другое место у меня с самого начала не хватало только номера квартиры и дома а он вообще поменял место и адрес и из за этого мне пришлось просить доставщика привезти адрес с другого места вообще и доплатить денег ещё и ждать лишний час,1
873a10f0-d1e2-4e0f-927c-454346b7617f,Junaid Abubakar,5,17/07/2026 10:32,this is one of the best apps I have used and I don't plan on changing anytime soon very fast and reliable,1
fac80b71-7a4d-482d-aa3b-07dc9724e493,gazi qatan,5,17/07/2026 10:29,حاو فنان,0
e1dfc450-3e90-45f9-8cb1-27eda1dd23b2,Joyce Charlery,5,17/07/2026 09:42,it's fast and reliable 😀,0
52ee1f92-6dc6-4a1d-b275-eb3ac4809739,Przemek Owczarzak,5,17/07/2026 09:15,on time,0
9c372755-a500-43ef-ad1a-792301897c2a,Antonio Rodriguez,1,16/07/2026 20:52,no funciona... fallos constantes,0
6de85232-bb13-4e34-9668-75bea0935551,Dilshad Choudhary,5,16/07/2026 19:45,good,0
5f6e3bd0-167e-48d2-94ed-90e34fb4b724,João Neves,1,16/07/2026 19:27,"Uninstalling the app, couriers refuse to go up the stairs to the agreed location and Glovo does nothing about it. Some couriers even act aggressively and there's not even a place to report these behaviors or even rate them.",0
6d803db8-559b-4b95-8d58-0409c6591ae7,Lawrence,1,16/07/2026 19:11,rider not trustworthy,0
94ee306e-2fce-47ff-ac24-b844586bbb5d,Mercy Akinyomi,1,16/07/2026 19:05,the rider has being with my food for 1hr plus now I'm very disappointed like really I have already paid why not deliver my food efficiently I'm going to sue them thanks for reading,1
51ba49a6-d3f1-41b1-a3e4-0178a2b9cc71,Olabisi Akomolafe,1,16/07/2026 17:58,how can you tell me you don't deliver to my area .... what's the whole point of using the app then ????,0
47905eeb-8d55-4db0-8b7d-afa1adbe7e80,I Leg,1,16/07/2026 17:41,"delivering cold and wet food ! instead of 20 minutes from ordering it came after 45 minutes! so, food was ice cold!",0
9ef29836-48c1-4e65-8cce-1ad05f317718,Chibuike Favour,5,16/07/2026 17:32,Veryyyyy legit,0
ea0cc06f-e8b8-48b9-a671-20255f798fda,Brian Caliba,5,16/07/2026 15:44,awesome site to order,0
4611c8f0-617c-443a-b23e-1002fab8dac9,Godsfavour Ibitayo,1,16/07/2026 14:49,"Why will I pay for a delivery that I didn't get, Refund me my 10,000 or face legal actions, This is theivery",0
27a3af62-269a-4fd6-8a5c-fba51d48b20e,mariusz cygan,5,16/07/2026 14:27,szybko i sprawnie dostarczone.,0
558ec031-8f9c-4844-8680-35f65e10735d,Sammy Bentaarit,1,16/07/2026 12:44,treating its employees badly,0
e619cc4c-7f64-45e4-b55c-2db647d00d70,Nyanta,1,16/07/2026 09:41,"If it rains you get taxed for delivery, if the next day and week it doesnt rain.... you still get taxed for it... App doesnt compensate when orders come wrong, before it would give you a proper refund and compensation. Now if you pay like for delivery: 4€, you get a little tap on the back and ""heres 2.50 bud!"" Workers never ever follow instructions, 98% are Hindi people who don't even speak English, they ring your bell, they wont call you when its instructed, because the lack of comunication.",0
81c565d7-4320-417d-90c4-ff28bc87121e,мαхιмυѕ,1,15/07/2026 22:19,ponad 3 godzin czekałem na zamówienie które pisało że będzie za 30 minut,0
64c4b187-5577-4a1a-a295-5b7066b7be68,Leo Pedro,1,15/07/2026 21:02,trash app,0
3d6b4771-ac08-48be-8b78-54a8dcf95a50,Victor Perez (V1P3r),1,15/07/2026 20:51,"I waited about 2h for my food and they still didn't come. App kept updating and adding more and more time to arrival time instead of doing something useful, like putting me in touch with Customer Service? It ""updated"" ten by ten minutes, then it said a whole hour 😄🤦‍♂️ I manged to cancel it and get refund but I ate at around 23h30 Then I got NO excuse, nothing!!!",4
b8bfdef2-c04d-45c2-8607-66a991f40e06,Lesto Ovde,1,15/07/2026 19:44,"1000 je stepenika do vrha a jedan do dna. Aplikacija mi kaze imas 30% popusta u sledecih 20 minuta na porudzbine preko 1000 dinara, dodje pun iznos na racunu, preuzmem i platim da ne pravim problem ovom malom mučeniku i oni kao, bez slika ekrana ne mozemo da ti vratimo novac. Klasican skem.. pa ko jos skrinšotuje ekran kad narucuje hranu",1
840a6496-9849-4405-9cbd-d2952c327173,Stefan Tepsic,1,15/07/2026 19:30,Terrible,0
856b4393-9697-410a-8157-a8d378acadda,MISHAEL OWOLABI,4,15/07/2026 18:49,fast to get food delivered to your doorstep...,0
3b952d7a-94ba-4647-b5fb-36052cd24f99,Jotham Otieno,1,15/07/2026 18:29,This app has started hanging and lagging and having a lot of technical issues that makes it easy to lose track of your order and for orders not to reflect when you make them. This needs to be addressed.,0
4ab64749-5625-4ad8-8267-121d6f8c565f,Somtochi Chilezie,1,15/07/2026 14:56,"They haven't refunded our 13,000 bill despite the delivery location was clearly shown on their app before ordering. I don't recommend this app for anyone because it is not trustworthy for deliveries at all!!",1
f659dfb1-626d-407b-b895-dfd773a4c74d,Emmanuel Iwegbuna,4,15/07/2026 14:51,good,0
7cc1d0f6-8a66-459c-80b6-cb5dbcb1a667,Aisha BALARABE,3,15/07/2026 14:14,good,0
5961b828-100a-4f9c-912d-69a3ce931880,Adeife Adu,3,15/07/2026 13:51,It Is okay,0
a7bb5599-b395-44d2-8d44-4578fbc673bd,Amira Aliya,2,15/07/2026 13:48,they are scammers ... once you pay their product before .. they never deliver and never refund ...,0
5a8df026-6254-4d78-aecc-62bcfdc3fc2f,Joy Gathoni,4,15/07/2026 13:35,good,0
0140cb8b-7d7d-47df-9587-9aabdabe505a,Salah Yassine,1,15/07/2026 13:20,"- if they mess up ur order, it's ur fault - if they swap items in ur order for stuff that no one buys it's ur fault - if no one wants to deliver ur order it's also ur fault Overall I'd rate this app 10/10 l, highly recommend it for somone with low blood p",2
4372cddb-78f7-49c4-97dd-b0c8513b6da1,Charu Ranjana,5,15/07/2026 13:19,golden service .compare to other services #1 . customer support is always available. really good service. app ui is perfect easy to navigate. congratulations to whole team behind Glovo keep up good work,0
8d36bac9-fbbb-4150-af07-471078d726e4,Emily Achieng,5,15/07/2026 12:39,"this app is super convenient, it's just perfect.",0
04ec406b-6b7d-46eb-a2aa-64a5d2dfeb62,Віктор Кисільов,1,15/07/2026 11:32,"Доплата за погодні умови з'являється у будь-яку погоду, але саме у пікові години і якщо у вас повинна бути безкоштовна доставка за підпискою)0)0)) В оновленні шрифт на ціни зробили менше, а рекламу (""цікавинки"", як вони їх називають лол) збільшили. Ну маркетологи, ну генії",1
224c1dc5-18ee-4e1b-a898-9f3df33a337c,alex kim,1,15/07/2026 10:18,I use this app daily and unfortunately I have to keep using it but I must air my complaint. You have no option of speaking to a person when there's an issue with an order. I have to choose whatever prompts your AI offers and if none fit the bill I'm forced to just give up or simply cancel my order. It's happened so many times. And why do you have items available for selection if the shop doesn't have them in stock? Hire actual customer care people or close the app frrrr!,5
7ef251f7-0067-46ea-a82f-98594788fbfe,KELLY MUKISA,5,15/07/2026 08:59,its good,0
5286971d-1167-4f86-88c5-dfcf493b4f42,evelyn kivuva,1,15/07/2026 08:50,I ordered chicken tikka and it's the worst.what was brought was completely different. The taste is 🤮. I feel robbed,0
6aa16097-ea50-4535-9473-4cd8bcc048fd,Mouad Elhjouji,2,15/07/2026 00:37,livraison ghaaaaalya,0
003ae2ae-7e58-42b1-87f7-eeaef4567953,Longlife Amos,5,14/07/2026 21:16,"Best so far, with the real time tracking of your order was just superb and their riders are calm and gentle.",1
437f21f1-706a-43fc-ba90-fe8db244e364,Marin Majnaric,1,14/07/2026 21:01,ko da imaju dva dostavljaca 4-5 sati ceko 2 pizze,0
4b0c7b61-20a9-4dfe-b7fa-dc0feafc8513,Rustom Mazda,1,14/07/2026 20:58,"I pay for prime, but still every single time my rider manages to be on average 30 mins late, drifting from one end of the city to another... sham!",0
f8eefb01-67cf-4e30-8e28-3d0e0ddc10c2,Ledor Ogabar,5,14/07/2026 18:57,on time.,0
44d4552f-3c57-4833-a074-43082aef8039,David Kawinzi,5,14/07/2026 18:55,first 👍,0
8e54ab07-ad35-46d3-a62e-daf54a6f1fe9,Zenda Eucharia,5,14/07/2026 18:43,This is good and I would recommend it. 👍🏾,0
e57e54e1-a748-4b7a-8946-082e30f3763a,Adedayo Aladejebi,5,14/07/2026 18:12,Really cool 😎,0
5f34a003-761f-4c7f-9495-25eb31c858ed,oladipo oluwasegun,5,14/07/2026 17:16,excellent,1
efc667ce-4fb1-4055-a5dd-54010ef5287c,Arowomole Balikis,2,14/07/2026 16:27,less delivery area. The should increase the extent of their delivery areas,0
dc208e0f-5cf1-4641-a772-f8316a10c268,Amro Crafti,5,14/07/2026 15:46,Good,0
e442e529-1b8b-4d5e-a289-21fc26e0a1ed,Solomon Odimegwu,5,14/07/2026 15:17,Swift delivery,0
f0bfce3a-45c8-4cb4-8782-f10b01e24985,Allen Grimes (Advantage Youth Tennis),4,14/07/2026 14:37,they need more real restaurants,0
971f54eb-7ca2-4d29-a251-4e50e0e158ba,Sir-Amady Electrical & Electronics Services,4,14/07/2026 13:32,they're first and reliable,0
182a7c23-7bae-4910-8d83-77a56e8b5cef,Kehinde Bolanle,5,14/07/2026 13:03,excellent service.,0
735e7618-8998-4b20-bc0c-4555d24701c7,Fat Ma,1,14/07/2026 13:02,they treat their delivery workers as slaves,0
7c8fc15a-0606-496e-b42e-e7ae774f80f2,Benedetta Sorge,1,14/07/2026 12:24,"è da un mese che ha problemi ad accettare i ticket restairant. il ""bello"" è che all'inizio sembra tutto ok, ti fa andare avanti nel paganento, il riepilogo del pagamento ti fa vedere l'utilizzo dei ticket, e poi controlli il saldo della banca e ti hanno scalato il 100% dalla carta e lo 0% dai ticket. Dei truffoni senza senso",0
26e165f2-9c14-4ced-9a82-4b9bb09bcb18,KOLADE GLADYS,5,14/07/2026 11:00,delivery was very fast,0
9a6d070e-8c4e-444e-8f75-73ce515fc247,Mohamed Abderrahmen,1,14/07/2026 10:57,service fees are too high. 7% is a scam,0
25901525-b647-4959-963f-6d3b738789f1,Andreea Badea,2,14/07/2026 10:09,"mancarea este buna si livrarea rapida ,dar locatia nu este conforma absolut deloc si deruteaza livratorul de la care pornesc certuri!!!",0
dd38c259-3e84-4b5e-a0ce-984a8310d31d,Cristian Margineanu,1,14/07/2026 06:23,gay ads,0
e8977414-3f0f-4212-972a-4456ce08722d,Blessing Tomsey,5,13/07/2026 20:04,Very amazing app👌,0
a77d1c53-bbbe-445d-8dc5-b5b054c801ff,Joske,1,13/07/2026 19:53,They charged my card for 5 euros more than they said and I saw it only after the order was made.,0
2e939799-e17b-4a60-a912-1b07528775d0,Nabawesi Farida,5,13/07/2026 19:37,excellent,0
6baab28e-3da6-417f-845b-19240c109150,Марія Пахом,1,13/07/2026 19:09,"жахлива служба підтримки. Яким чином Для скасування замовлення потрібно говорити із ботом, чекати оператора і потім дізнатися, що тобі потрібно заплатити повну суму замовлення і ще + майже 100 гривень, тому що вони вже почали формувати замовлення. Проблеми б не було, якби не потрібно було робити мільйон дій для скасування. І за це ми платимо сервісні збори? При спробі залишити негативний відгук застосунок деактивував кнопку завантаження коментаря.",0
c0f7caf2-69a2-42d8-9760-602c35fe805a,Rita Inte,5,13/07/2026 18:23,fast delivery. very good!,0
5a46b876-2042-4803-90f1-85f38aa10983,Morire Heritage,5,13/07/2026 17:40,super fast and friendly,1
1266c0af-af33-4242-8092-f4d87d74b1a0,Elpeep123,5,13/07/2026 17:28,recomiendo,0
1b71ebab-6a1c-4857-969c-e11ed10cb644,Anigbogu Anthonia,5,13/07/2026 16:34,fast delivery 👍,0
07feb56e-3596-4fd9-805d-612fe2693ded,tomy ome,3,13/07/2026 16:03,"1/11/25: Crashes every 3 minutes on average. 2/2/26: Nothing changed, app received redisign, but it still crashes every 2-3 minutes while just trying to add anything to the cart. there is no dark mode at all in 2026, even forced dark mode in developer settings doesn't help. I would rate it with negative stars if possible. It is wild how far VC and greed can ruin the company. 13/07/26: now at least it doesn't crush",0
c020e0e2-9d7a-4797-b505-fccba9629175,Brian Phonix,4,13/07/2026 14:53,Soo fast,0
c456bafc-6642-414b-b713-b92721d55676,Oladimeji James,5,13/07/2026 14:46,Good app,0
56f6a708-9392-4c25-b777-4de7b59fc491,Mary Mutahi,5,13/07/2026 14:04,"⭐⭐⭐⭐⭐ The app was easy to use, delivery was on time, and my order arrived in perfect condition.",0
095b099d-2356-434c-a2b8-485a3e97a8c0,Gbenga,4,13/07/2026 13:22,Good Service,0
8e0bc260-f600-4fa7-8e8d-f8c14c18441f,NASEEF YUSUF,2,13/07/2026 13:03,"I wasn't fully refunded, and customer service is ignoring me I was given an amount that didn't match what was i told by the agent it's frustrating.",2
274927e5-7eb8-4c40-86e7-078232ecf69f,Yahor Skrabneuski,1,13/07/2026 12:08,"The worst app. They literally scam you for additional payments to your order, don't provide real money refunds, and don’t let you delete your account. I will never use it again!",2
ae001032-2fe8-42b6-aaf7-43aa14e0766a,Yass Gharbi,1,13/07/2026 09:38,not good .,0
6f53ff2d-2bc8-4833-bcf1-e5405a4f8b0c,Hamza B-youssef,1,13/07/2026 03:12,negative,0
c5eb1ffc-4531-4c47-878c-1a9e5f594937,A Google user,5,13/07/2026 00:04,"Excellent app, which shows at any moment the current location of the courier, on it's way to deliver the order. It also shows how much time remains until the courier arrives. If you want quick delivery, I recommend this app.",0
21f743d7-38d4-460b-937c-3995976efcf4,HIG,1,12/07/2026 23:11,jedna od gorih aplikacija koja ne zna tacno vrijeme svoje dostave nego je konstantno pomjera sve dalje i dalje. nekoliko puta sam cekao i vise od 2 sata a zadnji put sam cekao 4 sata za narudzbu koja ce biti nakon toga svega otkazana.,0
2b943111-dd9f-4db8-aca8-52641c82dd62,david stiller,1,12/07/2026 23:03,The app is broken and I can not contact support.,0
f12058c2-8d30-45e3-9e89-d2ed0bd5981b,Craig Brown,5,12/07/2026 22:23,everything you could ask for it's on there,0
28345bec-1ffd-45fb-b514-9bc5ad03f205,The Fox [ITA],1,12/07/2026 21:42,"Removed any possibility to contact help agents once an order is placed, and any possibility to stop the order, even when it's arriving 30+ minutes late. It really does not take more than 5 minutes to pack 4 items, and it's not my fault if I won't be there to pay or get my order if there's no way to stop it or contact an help center after I'm told last minute that the order is going to be 30+ minutes late (and counting).",6
6d9303ad-1292-430c-8dbc-aa3cdc65383c,Fala Coruja,1,12/07/2026 21:07,"These guys are clowns. So, first, they add ₦300 ""weather charge"" after I had concluded my order without the charge being listed. Then on a clear day with the sun out they have the charge present all day. And that story that they give it to the rider is a lie + they block them if they dare complain. You can't call them, so I included my complaint in my review. Next thing, I'm seeing ₦830 weather charge. Isn't that just 419? Found Chowdeck. So much better and straightforward.",0
1df82d99-9a92-488b-9b58-4e09c43fcef9,incal2000,1,12/07/2026 20:55,"Asked for Gmail account, said invalid. OK. You don't want my clientele.",0
2c843424-62d6-4d9a-9c39-fa4d3fb78f68,Marina Obradovic,1,12/07/2026 20:05,čekale smo naruđbu 3 sata a na kraju nam nije stigla,0
4930fd5b-4435-4c43-b704-6595b66e0974,Krzysztof Dzierzgowski,1,12/07/2026 20:00,"The app presented 30% discount during the product choosing stage, under the condition of reaching 40pln and actually showed the discounted price on the footer, when met. That encourages into adding more products to the order. The discount disappears at the summary screen. You hope it will be deducted on the next step/screen, ... nope, that's it, you've been charged full price. Errors do happen to all services and apps and I'm sure they lose as much profit to the errors as they gain from. Right?",7
fbae3863-9853-48aa-8160-41d1dd76f8bc,Sammy Kevo,1,12/07/2026 19:48,"This was a very disappointing experience. Poor communication, failure to deliver the order, and marking it as completed without fulfilling it is highly unprofessional. I expect an explanation, a prompt resolution, and a refund or replacement for the order!!! 😕",5
a821ce8b-2c51-4fda-b25f-5762d2bc37ff,Pauline P.D.L,5,12/07/2026 19:08,better than ubereats!,0
f5755b81-7c79-4fdb-a744-a13487adf6d5,Benson Kimondo,5,12/07/2026 18:52,good service and fast delivery,0
d6f61b34-75cd-460e-9f6f-24a9e08a5fc5,Alexandra Olteanu-Michnik,1,12/07/2026 18:22,"Toata comanda gresita plus am platit transportul, nu ai rubrica sa scrii comentariu la comanda ca sa te asiguri ca iti trimit ceea ce ai comandat. Nu au asistenta eficienta pentru solutionarea problemei, daca ceri bani inapoi cand platesti cash comanda nu iti mai primesti banuti. O sa fac reclamatie la protectia consumatorului.",0
1c225082-e13b-4920-9bfe-72094b146978,jefferson ako@itandmoretechnology,4,12/07/2026 18:20,"my order was specific, I told them to reduce the salt and spice and they did!",0
ec9a50ee-9c03-4a94-8cfd-641d844039ff,Jamal Thani,5,12/07/2026 17:41,great,0
2f34e5fe-de99-4261-8b8e-50c48ba9ea73,AB CH,1,12/07/2026 17:26,horrible 1 star is too much,0
51baf148-03b0-45ce-8e4c-2201ec07f9c5,Khadijah Adeyanju,5,12/07/2026 16:53,fast and reliable,0
3789cc05-c8cd-42e8-8376-82f8772d4d21,Artur Dmochowski,5,12/07/2026 16:51,Good service,0
d898521f-7b36-4653-a9b0-8f962ea58258,Mo Saffi,4,12/07/2026 16:51,I am still skeptical to make card payment. That's the reason for the 4 stars review.,0
c3ab6fc5-36cc-4cea-986f-5b156f1ce829,esther emebunor,5,12/07/2026 16:44,"Tasty meals, fast delivery!",0
afa7ce2b-c3b6-4d1e-9ffe-a5ff74e20494,Maha Guy,5,12/07/2026 15:05,high value and quality order,0
43e9eed5-58f1-4a2c-ae1c-3f8bc8481436,Blessing Joseph,3,12/07/2026 14:53,there was no spoon on my food,0
1c00afd5-2996-4a72-8f4c-196374b5a0b7,Kelvin kronis,1,12/07/2026 14:51,"The food never arrived, and I have received no refund. This is completely unacceptable. I expect an immediate resolution and full refund, or I will escalate this matter through every available channel—including consumer protection authorities and public review platforms.",0
e81c2f3f-48c6-4fca-bae2-103c4afd8f5d,Kivumbi James,5,12/07/2026 14:49,great work,0
7674ea9b-a332-4f56-b469-69f7632f08cc,Zainab Zainab,5,12/07/2026 13:28,nice service,0
c9e96557-62ec-4adf-b8bb-52ce92d64d8c,Muhammed Ali,5,12/07/2026 12:41,I'm so impressed,0
33208ce6-cb0d-40f5-b309-9d0f682f835b,Gha Gonni,1,12/07/2026 11:55,glovo tunisia is a scam be careful,0
5058b7f6-f4fe-4021-a5a2-4ec4001f52af,Titus Mutundu,5,12/07/2026 11:21,quick deliveries and nice items 👌,0
eefe9755-5a54-4c46-ba38-d09f64bd5875,MASUD 13,5,12/07/2026 11:20,good he,0
9637f8bd-8b40-405a-afb5-68f77713350c,Apai Flora,5,12/07/2026 10:57,reliable,0
fce8bd69-033f-492d-bb7b-10721fd0c557,sherifat oba,5,12/07/2026 09:44,very fast delivery,0
e4b3cf13-e043-42a9-844c-a57045f461f9,Sonja Todorovic,1,12/07/2026 03:56,"nikad gore iskustvo. hrana porucena u 3:30. sad je 5 sati i konstantno se pomera vreme kada nam stize hrana. trenutno stoji da stize oko 6:20. naravno podrska je 0 bodova, ne moze da se dodje do ljudskog bica. jezivo. najbolje da stigne za 12 do 24 sata",0
58b1bf37-0b0c-4053-b465-da5f190035de,hakim Khalashi,5,12/07/2026 00:06,good person,0
31f76f55-d772-40e4-804b-e4d70fe3e828,Laura Hargreaves,5,11/07/2026 23:14,really easy to use,0
bd0adad5-364b-485d-b1c4-86d2bc803fe7,Steve B,5,11/07/2026 22:30,esta vez perfecto 👌,0
21e30755-a1a0-4c38-b367-2e15ba4731e9,Nouamane Samir,5,11/07/2026 22:11,so far so good,0
e7d2941a-32e2-45ce-bab5-b6ced184a606,chijioke chinaka,4,11/07/2026 21:49,learn to caution your riders if they don't want to go pickup orders make a penalty,0
07ab288f-32d7-4240-8cb7-a800ba597652,Rafi Khan,5,11/07/2026 20:37,nice app,0
3d23cf5a-811b-45c9-a6aa-f26a60366161,Darius Mason,2,11/07/2026 19:08,Not a single order was delivered within the estimated time. The UI/UX is frustrating.,1
87f4eb70-f12f-4578-9ddd-ff92736171a6,Halera,1,11/07/2026 18:51,Stupid errors make it impossible to log in.,0
8ae5848d-55d8-4da7-b78f-61631ac34d2b,Umar Abubakar,5,11/07/2026 18:45,Good👍,1
7580c50c-f48b-40e2-8d53-1000705ff195,Paula Mewett,4,11/07/2026 18:27,i was only delivered 1 packet of biscuits but payed for 2,0
268fceb9-e6ce-41b2-8696-7cc6cc0f01bc,Romoke Lawal,1,11/07/2026 16:43,there are worse because I order I type my location they sent it to another person and still remove my money if I want to order they will remove money they are worse 😔😭,0
91c1660e-8796-434e-8597-b22e070e43e9,Edwin Mbonigaba,5,11/07/2026 16:42,Fast and easy to interact.,0
79624398-6df1-4d78-bfe4-fdabb164774a,Asumo No Giza,5,11/07/2026 14:52,Very good and affordable and tasty,0
effd0d30-3a2a-4641-b877-dda754357ac8,George Icecrim,5,11/07/2026 14:12,Fast and reliable,0
39826c73-669c-4888-8b59-431596281236,G. Stankovski,1,11/07/2026 13:58,Third world imported drivers that do not speak Bulgarian. Mixing the products. Do not recommend,0
7ae56f86-5d98-4566-b130-1b72129074e3,Young Paulo,5,11/07/2026 13:03,good app i fully recommend it,0
bd05c21a-be99-40ed-b456-8962746bc2b4,Harshi Wee,1,11/07/2026 11:56,"ticket restaurant not working, they they didn't give the possibility to add ticket restaurant and when you open a clam they just close it",1
53e5bea2-581a-4a36-abca-dd6ab128a05a,Srap Harutyunyan,4,11/07/2026 09:31,"The app is great! it saves time, and everything is fast and easy to use. My only issue is the map animations. They take too long, and the courier's location doesn't update instantly when I open the map. I have to wait around 10 seconds before I can see their actual location, which is inconvenient for me and especially for the courier. The map should show the latest location immediately.",10
759db8b3-7532-438b-99ae-27722176306b,qamar aftab,5,11/07/2026 05:54,good service and tasty,0
01ec6347-adfb-4b21-91bc-eaf9308b39fa,Umar Abdulrazak auwal,5,10/07/2026 22:30,nice,0
0db76243-919c-443d-b46f-3dba53328b88,vivian okoye,1,10/07/2026 21:10,"How can i order a ride to deliver an item, asked the rider to cancel when it is taking long and got debited without using your service. That is mean and the worst service ever. You don't deserve even a Star",0
13ed39f3-db22-428a-a6f6-28156ec2621b,Mhmad Shadefat,1,10/07/2026 19:44,very bad experience every time something is missing or wrong,0
6188818d-453b-430f-986a-a6b3c552c6b2,bodunde fagbohun,2,10/07/2026 19:32,"The quantity is very poor. No chicken, they said it contains",0
e0632359-6573-4b68-b66a-0fe083998c00,Rose Ademba,5,10/07/2026 19:21,It was amazing choosing you,0
c4e293b5-af79-4156-915d-ab2f62d3b19e,Olivia Chinasa,5,10/07/2026 18:19,First tid using glovo and i didn't regret,0
5a52592c-9d47-4038-9e69-3ef03fcf10c4,Tichner Majale,5,10/07/2026 18:05,glovo delivers ☺️☺️☺️ efficiently,0
03441956-e35d-42af-93bd-ec9d7b7f61f0,Simo RH,2,10/07/2026 17:59,there is a problem with the prices i have added to the bucket some items i went to checkout hit order when i did continue i got a receipt with different prices,1
cd24c081-9039-41cd-a422-e4b5ea550f8c,Hedi bayar,1,10/07/2026 17:51,too long to get a meal,0
640b46d0-c77c-4acc-bc0b-5d76f75db4f2,Grace Angel,5,10/07/2026 17:47,Non ads app fast food app 😋 I like it,0
dae9dd1b-d134-47ae-80fe-b71474f08a44,Daniel Grofu,1,10/07/2026 17:16,I wish there was an option for a flat-rate tip instead of just percentage-based tipping.,0
0b531ce5-ecb7-4765-b918-ae25cd9be1cb,Amina Adams,1,10/07/2026 16:44,"I hate this app. I made an order and got debited, only to be told my payment was not found. Even though I showed them proof the transaction was successful, I never got my money back, despite the promises and one phonecall. You think it's easy to part with such an amount in this harsh economy. I'm deleting this app, and no amount of apologies is ever going to make me forgive Glovo for this action. Nonsense!",20
be3a1d73-fc73-4ffc-b3d3-31add217c16c,Vivian Amaka,5,10/07/2026 14:48,Delivery so easy and fast at my comfort zone 😊,0
cc0239fc-0431-4597-b36e-d64cef1c10a5,Biodun Alaka,5,10/07/2026 14:28,"I love my meal, Thank you chicken republic ❤️",0
8b0d6d48-fe06-49d3-b663-0b6c1caef3e4,Tamta Daiauri,1,10/07/2026 14:21,"ამ შეფასებას ვწერ ისეთი მშიერი და გამწარებული რომ ვოცნებობ ამ აპის დამაარსებლებს შიმშილში და ტანჯვაში ამოხდეთ სული. უპასუხისმგებლო ნაბიჭვრები ხართ. საათზე მეტხანს ველოდე შეკვეთას აპი მიჩვენებდა რომ კურიერი შეკვეთას ელოდებოდა, დავრეკე რესტორანში და 37 წუთია საჭმელი გამზადებული გვაქვს და კურიერი არ მოსულაო. შეკვეთა გამიუქმდა , თანხა დამიბრუნდა და ვზივარ ახლა მშიერი და უბედური. კალაძეს (ცალკე მაგისიც) დავესესხები ნაძირლებოოოოო!",0
635fb02c-25ca-4b60-babb-92e3a458b273,Khalil Ajoku,4,10/07/2026 14:06,wonderful 😊,0
d04b21af-8c6a-4ea5-acad-3412cccba504,Ridwan Adebisi,5,10/07/2026 12:46,good service,0
776d12bc-231d-470f-8766-f233f0ad2df9,Isawade Dolapo Tomilayo,5,10/07/2026 12:29,fast and reliable,0
4498d5eb-ce5c-4322-a039-bd7fa9f8e593,Hussain Mahammad,5,10/07/2026 12:12,good,0
728faad0-d5c8-4953-95e6-46d5da8b0fcb,Tasha Angela (Tasha),5,10/07/2026 12:08,Reliability and discipline (time management) defines the rider,0
ccc87016-5300-409c-88c9-b1d1e5780cd8,Afam Lyday,5,10/07/2026 10:50,Emmanuel has a good customer service,0
71a3fd18-b39e-4fe6-9a28-aee4034075e7,Emil Burzo,5,10/07/2026 10:41,"A fost perfect atâția ani, acum nu mai funcționează comenzile cu ridicare. Cere adresă la ultimul pas, ca și cum ar fi cu livrare, deși nu e, și nu se poate trece de acel pas. Suportul din app zice că e de la mine, deși nici la alți prieteni nu funcționează.",0
5a6a2eff-fc38-4610-8bc0-1460433819c3,Namanda Mariam,5,10/07/2026 09:54,"Just like any other digital app, Glovo has its good days and down ones. However the good ones outweigh the down ones. I would recommend Glovo for your deliveries and shopping",0
f42587bd-5a11-40a0-857e-485dbf767ea9,Benjie,3,10/07/2026 08:10,"I would give it 5 stars if they customized minimum orders per restaurant eligible for free prime deliveries. Not every restaurant deserves the same limit, otherwise it almost makes prime useless. Also, kindly ban restaurants from using AI generated pictures. That's just false marketing.",1
fd00eaca-94ec-4761-8837-ab0ca5a0e7fe,Julian Nyagahima,4,10/07/2026 07:38,"Glovo was and still is a real life saver for me. It allows me to browse price differences between supermarkets and going for the best deal. However Glovo should 1. Encourage all listed supermarkets to have proper staff assigned strictly to online orders, to ensure updated catalogues, efficient item identification, and customer relation. This removes the issue of order errors. 2. I think Glovo would do allot better too if they increased the supermarkets enlisted especially for Kampala.",3
b96e58fc-3e6a-4ace-b1ff-a126222c1581,Rabi Umar,4,09/07/2026 21:11,good service,0
d060582e-9dc8-4318-a365-5f0e6709d7ca,Simisola Peters,1,09/07/2026 17:31,"This is my first time using the app and I order food from cravings on glovo since around 2 and I have not gotten my food still now it keeps saying the courier was unable to continue. That is very bad this is 5:30 still not gotten my food,I will never use the app again after this.",2
49ff9a91-ccca-40d6-89df-33d50479af66,Hxnter,1,09/07/2026 15:01,"Dont use this app for any ordering. All the discounts you see and they gave you are all fake ,getting a 40% discount, making the final price 45 RON from 75 RON, and when going through the payment method, they take 75 RON while telling me clearly that the price will be discounted so this is a scam and not trustworthy",0
3d2fb7d0-e71c-4486-aec2-b4851300a4df,Lanz G,5,09/07/2026 14:57,It's fast delivery. Thank you,0
1ea25358-281a-4d50-9241-c55e1d6525d9,Ilyass Kouach,1,09/07/2026 14:55,اسوء خدمة على الاطلاق مخدمين غير شفارة و شماكرية,0
30a4d858-89e0-49b2-a823-1112465c16f8,Milan Filic,5,09/07/2026 13:33,Top,0
b9016e63-bbbc-4104-8eac-f92db40a5fc1,Nana Najwa,5,09/07/2026 13:26,I really loved the delivering it was so fast,0
dc50f911-27ab-4262-abaa-cb4bed7f8b10,Marko Stanic,1,09/07/2026 13:12,talibani dostavljači ti otvore hranu a ovi se ne udostoje ni odgovoriti na upit. fuj,0
61b01d92-3e7b-420b-b4f6-d957ff012763,Edna Mwende,5,09/07/2026 12:33,"glovo is the best,, fast delivery",0
9318420d-b6de-4e94-9eb7-d1c872c0d138,Dorcas Okoro,5,09/07/2026 11:47,it is fast,0
4000493c-f145-4fbd-a46a-4b4a9aa9b9d3,Yaku Maga,3,09/07/2026 10:51,reliable come rain come shine,0
7441739f-f66e-4cf3-8371-de9af5cd86af,DAVID ST.LEGDER,1,09/07/2026 10:43,Run oh I ordered food a while ago the order got cancelled and I had already paid with my bank card hoping for a refund till now there's no refund a word is enough for the Wise,0
1904fe9f-b702-4461-a405-0c4850917440,Wisdom John,5,09/07/2026 10:42,Great experience,0
213bf2bb-2fd7-4907-981d-ad292e7c2c1c,Ibrahim B.,1,09/07/2026 08:53,The app is great but the support is trash.,0
ced0ceaa-b996-4bda-a2df-a64a4c87cf60,Asma Ben aouina,5,08/07/2026 23:43,best delivery app oat🔥🔥🔥😍,0
15dd8104-a02e-453e-b116-86de469141cf,Nour Ben Ammar,5,08/07/2026 22:12,service parfait,0
9ed59c34-a0a2-4e84-88cb-6a39b41fc7a2,Victoria Ozigagu,5,08/07/2026 20:17,Great food will order again,0
f02984a9-88ce-4b4f-83c0-c56f64ab048d,messi yahya,1,08/07/2026 20:14,Poor service,0
89fbc4ea-332d-499f-a3b5-d4408ea66e5f,Purity Kamau,5,08/07/2026 20:04,"⭐⭐⭐⭐⭐ Absolutely loved my pizza today! 🍕 It was delivered hot, fresh, and full of flavor. Every bite was delicious, with a perfectly baked crust and generous toppings. The delivery was fast, and everything arrived in excellent condition. Thank you, Pizza Inn, for the amazing service and tasty pizza. I'll definitely be ordering again and highly recommend it!",11
2ceb0133-5810-4711-90b5-111b8eb2d094,Ben Sentry,1,08/07/2026 14:43,"Awful procedures and dishonest marketing. Strange rules, regular changes to service and deceptive charges.",0
0e18a83d-2d77-4452-98c0-ff482af282a9,F - YOUNG,5,08/07/2026 13:37,Fantastic order and they deliver very fast,0
ecfa49e1-3ff4-49a6-85b5-5c4be4e76254,Ademola Victoria,5,08/07/2026 12:58,good,0
fed08b68-cf8b-4ca3-bffd-8a22ce815795,Teshi jumsi,5,08/07/2026 12:02,it's very good give it a try,0
ebc46600-cad5-4692-b445-7df23ebf2db2,Esther Salaudeen,5,08/07/2026 09:14,"their delivery service is amazing, plus good customer care .",0
428e0af5-1e19-4449-8422-dc8a43cd1e59,Goodness Giovanni Grace,5,08/07/2026 05:51,fast and reliable,0
8861d29f-c608-4f40-95c5-10f63a9939c3,xammy sparkie,5,07/07/2026 20:59,perfect 👌,0
33714abe-68d1-41cb-a12e-7bd2ca954606,tamar tsikolia,1,07/07/2026 20:24,"Been using the app forever. Yeah, there are some pros and cons, and dealing with hangry customers isn't easy, I get that. But completely removing the option to contact a human when you open support is unbelievable! Now, ladies and gents, you get the same info you've been looking at for the last hour, just in a modern, AI version. Basically, double the excitement - no food AND no help. Sorry, but this is one of the dumbest mistakes anyone could make when it comes to customer support. Good l",5
70632612-85ca-4983-9558-b522f20cd3a7,Maj Ngeci.,3,07/07/2026 20:24,4 1/2,0
7f17012b-79f4-433f-bcdf-09ba5200d194,Misandeya Nat,4,07/07/2026 19:22,"доставка працює непогано, єдиний недолік полягає в тому що у вас працює кур'єром Микола Кордіяка - людина яка домагалась своїх однокласниць, в тому числі і мене, а також створював фотографії з моїм обличчям та обличчями моїх однокласниць +18 за допомогою ШІ та розповсюджував на свій розсуд. докази є у вигляді скріншотів та свідків його гидотних вчинків, і я не хочу це замовчувати. я розумію що це нічого не змінить, але я хочу аби інші працівники глово знали з ким мають справу🥰🥰🥰",0
123e3c16-3f48-4807-9161-b8fd55002ae1,Chika Rose,5,07/07/2026 18:39,Thanks for trying your best,0
ae8f1947-b126-49ae-9e99-0385431aba4b,Alexandra Ally,4,07/07/2026 18:35,daca aplicația asta ar avea metoda de pick up la McDonald's și KFC ar fi primit 5 stele,0
8e8768fb-a315-4a97-b72c-b458c198aa8b,Maurício Gomes,1,07/07/2026 17:31,"Glovo removed all options to allow us to tell the restaurant that we have dietary restrictions. update: I wish I could go even lower. now the app has atrocious performance and they stopped offering decent compensation when they screw up. update: now support users ""toku"" they fired all their good support staff and now you have to deal with a braindead AI that tries to translate very poorly what you write to a badly paid foreigner.",4
e9e495f8-549d-467c-af93-a33113d1e90a,tanya zighe,5,07/07/2026 17:02,"Very Efficient, thank you.",0
0f2851cf-36b7-4a40-aebc-dd8216ad9ac7,samson adegbenro,5,07/07/2026 16:20,nice,0
7379ca71-c306-418c-be53-f1fd87429328,Oluwadamilare Awolaja,5,07/07/2026 15:53,"Absolutely delicious! The food was fresh, flavorful, and arrived just as expected. Every bite was satisfying, and it was definitely worth ordering. If you're looking for a meal that hits the spot, Item 7 Go is a great choice. Highly recommended!",5
b653379d-485e-4ef8-a34b-28841f6b22a3,Jane Mutonya,5,07/07/2026 14:46,glovo all the way,0
8a62d72d-2a25-4135-abbf-b1a826a4444f,Oluwole Esther Olubaby,5,07/07/2026 12:37,i love it here 😍💓,0
3bc434e8-c1f1-4135-ad18-21adbb16c3cf,Gov candles,1,07/07/2026 11:29,I won't advise anyone to use this app glove unless you are willing to risk your money after I did a successful transfer the app said error on their end and up till now haven't got any refunds and they still expect me to pay for my item before they carry out the order am deleting this app not because they can't deliver but because it a risk of losing money like have lost money on the app,1
2eaa4c76-0a71-4064-b6dc-fe5d3ea4dda2,Gerald Osinde,5,07/07/2026 09:45,"l love glovo, I think everyone should love it",1
8a2bfe0f-037c-43d8-aecc-d387c5b16ea8,Beqa Giunashvili,1,07/07/2026 00:44,საყლევეთი,1
086fd1e8-9736-432c-b34d-77913751a15a,olushola fabikun,3,06/07/2026 21:23,not bad,0
405c6dcd-077c-4e7f-8731-dbc1b5dd44c0,Victory Okoba,3,06/07/2026 20:10,Delivery and glovo price is too much.,0
2167f118-3705-47ef-81c9-8e724b13bc8f,Giorgi,1,06/07/2026 19:50,"terrible customer service, I've been waiting for someone to respond regarding my wrong order for almost 9 hours now.",2
6f190bb1-2d3f-42cb-b30f-a357a2a50deb,Eva Kag,1,06/07/2026 18:53,"Hello Glovo Support, I am writing to make a formal complaint regarding multiple refunds that I have not received. This is not the first time this has happened. On several occasions, money was charged from my account, but I was not refunded despite being informed that I would receive a refund. I am very disappointed with this situation and request that you urgently review my account and process all outstanding refunds. Please provide a clear explanation of why my refunds have not been issued",0
29370625-b94f-44dc-ace5-6e9ce13e8ec0,Maureen Mutile,5,06/07/2026 16:20,the best online platform to order your food,0
9c8e9063-ec79-4ebc-ae27-42c018a3fac6,Stephanie Stephen,5,06/07/2026 15:14,great app,0
66f7acc3-9870-4fa6-8cf9-b50668542445,Mugera Hashimu,5,06/07/2026 14:57,good,0
849a1e18-69f3-4d51-98c7-647c09425295,Tijani Rukayat,4,06/07/2026 14:00,good deal,0
f4c02d83-ff21-4b5d-b06c-da2642191115,vinnie kiprotich,4,06/07/2026 13:41,improve on Time delivery.,0
fcf63a89-3a7d-4604-a593-bd3ebc50eec8,rezakkkk,1,06/07/2026 13:12,courier positioning is glitchy and slow to update,0
a8ac2c8c-922a-4399-9c60-55d4fec1fa64,Liudas Survila,1,06/07/2026 13:08,pick up option is broken,1
c2e043f2-a27c-4ec9-b4cf-831f3e5581d2,Nambuya Janat,5,06/07/2026 12:26,Excellent,0
2fd5f0da-7d2c-42b7-aa32-697368ac450f,Jutt Hizar,5,06/07/2026 12:04,good,0
56f14742-7997-405d-a9fd-02fa576ce235,Happy Saini,1,06/07/2026 10:59,chat support is very poor I am in trouble and they didn't reply it.😡😡😡🤬,0
2ef08c5f-f722-4421-a7d6-fb310c4992e6,Dairo Qasim,5,06/07/2026 10:12,"Excellent service, keep it up and keep getting better.",0
ec12b1ec-1923-48a1-9232-8557347b2ead,Zakaria Boutghatin,5,06/07/2026 00:23,top,0
4cc7a785-7d78-4eab-9102-ce4b0121f578,Kissmart kasho,5,05/07/2026 23:09,good,0
a6f81b37-28ca-46fc-987d-76a485aacda5,Amine BOUHLAL,3,05/07/2026 19:30,When 2 orders of different customers are carried by the same courier they are always late and cold :(,7
ed8b5ff4-d670-4a91-a92a-ed71d1a81958,Leonardo Maldonado,5,05/07/2026 19:04,"Rápido y efociente, muchas gracias",0
d007c17b-74d7-41b7-86d4-1e78b0de95f4,Vadim,1,05/07/2026 18:43,"A bunch of scammers. They add additional fees to the product, then add a delivery fee, then add a service fee. the product I can buy for 1x, I buy from glovo at 3x",1
36ae863b-8db5-417a-b9ee-9fe0b404103d,Obinyan Samuel,5,05/07/2026 14:59,great app,0
ea8914da-2304-43fa-8119-b374d600c700,Godswill Arikpo,5,05/07/2026 14:39,Great app. I order anytime I don't feel like going out.,0
65a5619e-ecca-415b-a278-558f291fb106,Himel Mohammed,5,05/07/2026 13:41,Queremos selfies para la aplicación Glovo Rider. Cada conductor debe tener una foto en su perfil.,0
70fa3d2f-cee4-4f70-994f-771e83b71dcc,Volen Valev,1,05/07/2026 12:50,"Advertising premium and when you pay for that premium it is good for nothing. Never ever pay for the premium of Glovo again, you just scammed me to pay you for nothing...",1
14013a50-eb15-49b2-a494-fd50b46170e5,Maurine Akwii,5,05/07/2026 12:46,Very reliable and convenient.,0
3e359016-15a0-4424-a9ba-b8e26ae43854,VendenMiao,5,05/07/2026 12:20,"poter pagare in contanti da solo è già 5 stelle. poi cmq app carina e veloce, vorrei solo ci fossero più informazioni sui prodotti",0
d9aff44e-0ce5-4cff-bdd5-a01af90af346,Olalere Olanrewaju,5,05/07/2026 12:04,fast and reliable,0
892ea012-f908-4cb9-a44d-94644e80d314,Khatuna,5,05/07/2026 11:30,very good,0
9f693dd8-8a51-43a0-8e17-88d9a58cb87e,Mut Ungi Crymz,5,05/07/2026 07:43,nice one,0
cd0eefca-3d6e-4970-b013-e921eb3a12f7,Lex,5,05/07/2026 05:42,Expand your delivery location reach.,1
740c4e4f-d058-4f2a-a333-de4bfab9166b,Greenson Yusef,1,05/07/2026 01:19,why would meals cost extra if I'm already paying for delivery ?? like make it make sense .... what in the shekelberg goldstein is this 🧃,0
317b8bc2-7375-4031-9d05-d0ccacd8fae7,Maher Ben Jaafar,1,05/07/2026 00:29,"scamers, they say we will refund, and then they don't",0
